principal component 1,principal component 2,SalePrice
-36.671950516904786,0.9329883633084138,12.24769911637256
-0.04507282528224154,-10.202268499325143,12.109016442313738
-34.46550652485605,1.005721660490091,12.317171167298682
56.576765593711556,13.778922905042815,11.849404844423074
-32.865532889004605,-0.22254181337004936,12.429220196836383
-23.923690825632868,-1.277966204102203,11.870606902224587
-38.75310156778862,2.0258169399888137,12.634606283893019
3.8053827123782757,-11.151995193887485,12.206077645517674
52.14370061447701,-11.095926612712208,11.774527900858468
44.94828184327154,-15.52766049452688,11.678448377988165
15.11730215761907,-14.644770695371983,11.771443882099637
-40.11226939105622,2.6932403606154462,12.75130259456002
19.097636182415187,-15.997514094523602,11.87757552297847
-41.308962443446184,3.085986734908757,12.540761149388421
21.635941675020494,-16.767461293799816,11.964007453736912
29.490035823776893,34.401786807704966,11.790564777297387
8.09071890223922,-12.81233904219188,11.91170829631447
12.665148432637928,-13.876355312924073,11.407576060361786
-37.75463853639172,1.198276097813698,11.976665770490767
21.339721721222592,-11.436627198112252,11.842236406331555
-40.069797654781205,2.996410928606547,12.692506186542177
53.08023832297528,-10.845319550433397,11.845109950883979
-35.44773348650488,0.6301500773357969,12.345838935721968
0.00438860119305646,-10.211314052180851,11.774527900858468
-4.809605600609828,15.642275053658228,11.944714374881176
-42.07193557672438,2.579070416584452,12.454107814022272
10.719938255920416,22.64383950699526,11.811554895830454
-42.6675720491754,3.1976213632900103,12.631343648903034
6.70050465057368,17.17533183682787,12.242891437918386
55.69156208378906,-9.492662764390623,11.134603622683905
61.96055426637008,-5.957992459511766,10.596659732783579
-5.182288209276004,21.115811454683023,11.914054519303125
-41.88307419664903,2.707422711444926,12.100161978566867
23.089711375424805,-17.06690522714258,12.016732516077072
-39.641198265032784,1.558412007405011,12.533579815765737
-38.58653993617824,2.603030413732578,12.6410997921206
-24.822684329035198,-1.6551083065609826,11.884495917930655
12.757481393164424,12.285531029817383,11.938199736300925
5.727428273626968,27.840679160600384,11.599112335481124
28.955551931331733,-18.636684553920283,11.314486721293981
14.76586017502754,-14.66092527031337,11.982935344196433
23.054245920904595,-17.10060238164992,12.04355959836804
-9.37486337138627,-7.548123366516873,11.87757552297847
-0.8471953535425218,-6.301318518130926,11.777218637129327
23.212150668835797,-17.153016194188996,11.856522261533737
-39.66856764766046,1.5945058076865155,12.675766851909591
-36.67762379000527,1.0810055544735582,12.387089184491993
-40.61615771045646,2.164306737481603,12.428019481065613
34.62161951736913,45.02416971308132,11.635151947212842
13.733955645373392,-14.296960647887344,11.751950239425476
-28.327427760814547,-1.3813813238930217,12.083910661257521
49.49100635258991,-12.881915362561813,11.648338835562747
17.802941535342946,-15.594740970022848,11.608244735642321
-9.891456823256767,-2.877090074771609,12.861001210669146
28.619482156805347,-18.88729815001461,11.775297421715827
16.186225073000514,-15.244572557209146,12.103491596905931
-31.787862771883034,0.17883603893972091,12.058158312538197
-37.780370706585444,1.7373002095533632,12.188422799337028
-40.80315895329855,2.5357995269600058,12.991755706536901
5.500152066747093,-11.832000880957116,11.735276702486741
-37.838186362789166,1.1479168027154496,11.970356641102999
40.279601015039766,34.37308227978492,11.522885696764481
-40.892663431996645,2.0693482490983466,12.218500103788143
60.86105264281817,-6.3560109469431465,11.849404844423074
-29.228606915510632,-0.5726114554369357,12.299112067295642
-38.66279845683408,2.5997101583283078,12.666660207428574
-1.0524499620241368,3.8845530450519177,12.100717685412471
-36.84392819465495,0.704849154625089,12.328294703023394
39.98421793017338,-18.204642530459335,11.289794413577894
31.342006769597543,-19.22109703911309,12.323860125621126
3.7029564670137978,-11.58155700262041,12.404927602627597
-19.11742213949316,13.12471692687266,11.771443882099637
-29.748365526279912,-0.8364816987970101,12.128116509451258
6.669947466797665,23.679621933938176,11.88380602959621
66.33295726463868,-3.583689178603627,11.58432477200052
4.18124845155272,-11.273868536756797,11.418625774449596
27.232576658634397,-18.317342146031304,11.818577604251555
13.137633923344737,25.070895948138542,11.751950239425476
11.346563562284327,-13.217761403059555,11.824087219587643
55.9603490312548,26.017853580172176,11.608244735642321
10.762626325546691,-13.266708017421669,12.173037959397275
-30.009899849639794,-1.389043613856531,11.941462360646149
-42.280822088573366,2.465166488953473,12.409017571151187
21.70602873439287,-16.543261947511777,11.748005492256807
-26.222087298068793,-1.1675559548463088,12.034696963475044
-20.971552861894974,-2.728517505408825,12.468440756144114
-39.19892887248679,2.1773978560587275,12.066816325306588
-44.651840239025624,3.6659455713520854,12.010671928196443
51.39074384637834,24.280621759693112,11.350418300109132
-24.51259821010249,-1.9655236582832993,11.724813914587886
35.53014163414562,-20.705682408516275,11.60733523953139
20.426805903986587,-16.458709790469783,11.498836682527127
34.29519380818152,42.19595023027997,12.004574385508691
47.7776010654162,40.68734763082696,11.804855999911272
-28.424584909578787,-1.3699196034107024,12.229549885708273
-23.20126581791475,-3.1123829014645055,12.128116509451258
-31.465075597203818,-0.9570764348319651,12.273735966890268
14.96605119306123,-14.78107860644185,11.459007676978688
61.823735272854826,-6.469483650930863,11.326607934898927
23.15277877595743,-17.064460438834377,11.767187766223199
-12.929296872706962,11.178437934187798,12.230770136157428
-12.254418911957503,-6.190769259746106,12.08954444723597
-3.5931618262578184,-9.00096991783559,11.68658461118553
-44.54816387782832,3.4944786093390414,12.200562492481511
51.81993822700926,-11.539316642246554,12.040614105490253
-37.28355330619344,2.143270883941866,12.429220196836383
71.22569535887726,49.78016635300542,11.51293546492023
37.117113836630125,-19.79555933325413,11.652696102959753
36.982070058053374,42.81881047990002,11.652696102959753
-1.609903723138501,-9.901952870230353,12.154784614286667
21.38238085475059,-2.9697808889824016,11.827013315851762
-32.4652560966793,-0.1740475921825205,12.100717685412471
-42.30658262632432,2.665332819609592,12.85832230788469
31.007553106863334,-19.501605430816813,12.28765724080691
14.978681545687602,27.512048703970727,12.466515835145202
-31.18159256634268,-0.7598014857903924,12.07824495582233
19.156930592401178,-15.97535373786181,11.842236406331555
-40.947102295997496,3.134090119432702,11.951186847493476
-18.940536684399348,-4.264189720362289,12.676079399771027
-39.53313281498952,3.0022837876499993,12.0075668272517
9.478257932377074,-13.13342081512559,12.100717685412471
45.31887214865136,-14.99106331550171,11.51293546492023
24.41183383445572,-17.65816523780016,11.820417517632333
-22.975692453521468,-3.224952926908931,11.944064817531656
-12.884103299262065,7.887966732661881,12.10625783509458
33.45566957003257,14.553263690229606,11.344518647594766
0.024240347595719927,-10.23778285030525,11.759793355371237
53.01933720375735,-11.09510777032775,11.373674891823535
13.334633029218038,-14.137542675240296,11.951186847493476
8.782310434551185,11.361628010282722,11.918397239722838
13.284730545442512,-13.925358273815897,12.328294703023394
-32.653613427173376,-0.22962326090270416,12.404927602627597
2.926937526218983,20.679574380936995,11.923384748066601
-34.6764177622525,0.7902185868896442,12.301387370778713
-0.7974154045099748,8.641088077991729,12.100717685412471
8.09434011169801,-12.473912705740865,12.066816325306588
12.113583481608623,-14.037684018349111,11.870606902224587
-16.554374090713964,-4.322519668836248,12.049424683420915
-31.988599958416792,0.245977190587188,12.345838935721968
-28.553125210720278,-1.3418823318741009,12.352339472153524
7.184312584454473,-12.322274473540775,11.652696102959753
-39.351660349740705,1.6345304416252715,12.468440756144114
32.741204677700956,-19.632313369224892,12.019749091416921
-31.441735864403185,-0.8945598816983825,12.225880174775122
17.701591183276506,-15.6718015289104,11.736077016252437
-38.74442882847928,3.4024133611876772,11.775297421715827
31.706751162531305,25.993294088170266,11.561725152903833
-34.01481929107867,0.47055025497784086,12.312686874960354
-38.25163284879315,1.9976379206716388,11.856522261533737
47.53080923712628,-13.51039697284738,11.652696102959753
1.6531928811600363,-10.758894076129938,11.711784520403112
-42.72585029963251,3.177720288397024,12.827731880206521
6.692490127890868,-12.028433111967107,12.154784614286667
14.56223813047883,-3.577239269599778,12.367345048436391
59.35529869348792,-7.646036185153238,11.736077016252437
58.46328901043949,-7.733294078766427,11.277215789596893
35.613995533665666,-20.730200488590274,11.603688960617083
-45.218587161850465,4.59584338404058,12.504327379899443
-38.3378944856623,2.427338180442523,12.448630513463613
-40.067881834841785,2.7846658715059474,12.676079399771027
-10.626181220353194,-7.075032952550573,11.998439434579149
-37.39421641435813,1.8442486610394004,12.929993908996359
-39.434460378018684,1.4696328590270995,12.301387370778713
27.491106582397116,-17.966200544083804,11.544433821905134
31.04365955920254,38.400410885230706,11.931642378754141
21.01550367291667,27.282823337147565,11.755879486687116
10.454147288899614,14.682969725572269,12.154784614286667
-42.352518749264576,2.614628365413992,12.693501691489768
-37.891078252769766,1.7866333308763291,12.119975396053194
-7.011798637639883,-8.0416598224687,12.337105293891872
43.24975545402553,-16.40604370362219,11.763691965388299
21.349316869773716,-16.732466905452636,12.278397958261774
-14.960525699722679,-5.469294063962083,12.384223015005313
20.23122486146684,-16.55855334007332,12.001511614739405
-13.593609117405203,-6.522159374186698,12.122696471358964
11.227049944370606,24.057734443357226,12.400820837540556
-16.803917644065397,-4.376119180064776,12.259618151783465
24.578668683028784,-17.249100618607923,12.058158312538197
-44.14685430228863,3.568161709293593,13.126032637428713
32.87722404221035,41.490127172116686,11.51293546492023
-32.45725695873376,-0.355618441076123,12.083910661257521
61.72618277543939,-6.156533444243751,12.206577518060588
2.5759662757872546,25.175310452241014,11.695255355062795
-36.529853206643125,1.4412462770275372,12.206077645517674
52.744288082384074,35.61881482787609,11.751950239425476
65.74172437100354,45.22224209938313,13.07107218827772
-19.55300627929791,-3.544480263456582,12.06105265381003
47.76901704207493,28.42111879331895,11.813037464800539
-4.064714220066882,-9.306163159469667,11.940399914116648
-34.386329428376975,0.8963374284805454,12.563750586299374
30.217800620524994,26.774862212653048,12.660331092405906
-9.812034605697008,16.350234960308523,12.122696471358964
-31.150595580187186,-0.8075954074235117,12.165255859329688
-37.823603482513036,1.6608066994603885,11.775297421715827
5.694482123190143,-11.960316876999594,11.751950239425476
0.12260829365999339,-10.062610221973683,11.908346971208951
-42.32360467778279,2.381340502322473,12.650351332641707
44.57573701389817,29.945301003383797,12.367345048436391
68.87344005391112,-1.9460408242236946,11.552155793461898
-38.60876945807452,1.977046830043793,12.524166311833152
-36.930632528048285,1.973984286047029,11.849404844423074
-1.3069131791742297,-9.857962227745062,12.052344376474922
58.298643511325444,-8.187974504078312,11.626263078808801
-38.03044844841416,1.061415576065483,11.91170829631447
38.052924487253,-19.05608378774204,11.608244735642321
-18.83717228975987,-4.186118644968771,12.103491596905931
19.18572618476339,-15.699376781213864,11.87688084212164
21.764765358217865,-16.834205694294145,11.856522261533737
-16.970033438948867,-4.24832226977035,12.531776395271262
16.19013471178225,-15.137772230156905,11.884495917930655
57.62470153219824,-8.785955283870784,11.49273296168228
-44.66200593629121,3.3504849171041218,12.133507329024972
-44.75820534043417,3.5215025063670096,12.439875187430008
-25.706453083067416,-2.5145623522275438,11.957617696467539
-1.4485319183876866,-9.60819829661438,11.993813394724253
7.364855441046154,16.13040452094913,11.808955099378537
-38.19358551328126,1.1285761531111989,12.25486757159303
57.44218946228986,-8.270662943904782,11.580593459194764
18.20536088758776,33.93163463325971,12.649157827477366
-39.787027132456956,2.531603778325351,12.027191164883384
-40.65157139331849,2.332325163114656,12.230282214644559
-35.16598268704362,0.9661690343729452,12.206077645517674
1.2823631719933966,-10.381318625171888,12.100161978566867
6.937255198743353,-12.345074999692017,11.48247656671073
-37.04431455168171,0.8782777454285361,12.864242696187505
7.048534280713718,-11.940891192126003,11.626263078808801
-26.0854870543571,-2.229337339313307,12.577639650232573
8.334286820202033,-12.541597358361301,11.571203807011969
12.482354016655552,-14.020393153202418,11.736077016252437
-39.8723800329529,2.5661222856117685,12.167856627501678
23.281933709265914,-16.968663743958608,11.904974309480183
-26.365703316545893,-1.3000728046529304,12.90669432231532
5.6466651116222994,-11.577611267466139,11.456365695436427
0.27021040002877666,-10.359586437124086,11.761354623750297
-35.26299763550428,0.7043728024902048,12.285350445351659
6.886744395689516,-12.268390909838844,11.402005077384885
-38.14461467068369,1.2677938998854212,12.130815551850676
-27.896904145643923,5.858482945989106,12.178192583415596
-42.27937063112555,2.66528401816126,12.669809806411457
39.73476030194271,-18.038115575083577,11.635151947212842
-43.592521201869395,2.8131825827455614,12.47801017053037
17.426342611541877,23.013925108173716,11.612779849672751
79.52949056120626,3.484117212015161,11.277215789596893
-5.1252695471730565,-8.150353617006997,11.695255355062795
-28.18728052399883,4.463933837174713,12.230770136157428
-16.47531103243178,-5.4014203145733255,12.394628892852941
70.52757578129396,-1.1192289293634392,11.827743504053695
29.89795281242312,-18.812303586237807,11.849404844423074
-36.68131102927103,1.2764397534238119,12.100717685412471
1.497478766126776,24.841412302503443,12.531776395271262
36.66732500467551,-1.591765472149015,11.245059091624615
-41.27660583594977,2.6625431836183466,12.367345048436391
-37.866523227211545,1.7636682856583679,12.06105265381003
3.315052942707157,8.591632274561643,11.970356641102999
25.85988350193862,-17.916645037165537,11.884495917930655
-31.23085631950983,-0.41807819107205063,12.345838935721968
-36.607601426912865,1.172192734017274,12.242891437918386
-40.901433909837884,1.9399084857597277,12.301387370778713
-33.98698393233202,0.16900598178302365,12.352339472153524
27.348069762883213,-18.187441822837414,11.48247656671073
19.220652607563224,-16.10892385134189,12.07824495582233
-42.127380689606106,2.8901371865452274,12.52815976788113
-9.969689846244748,5.759579972220102,11.92504173829169
29.87572636418519,33.85972662124146,11.775297421715827
31.833345287672536,38.75382058213781,11.19822841866684
-6.853229323280724,-8.398139390850591,12.075400019877522
-28.478561519656672,-1.4298971343122837,12.128116509451258
22.5884738438712,26.18677913960566,12.097936057925594
41.67926629069875,-11.605059788982565,11.699413330633599
-0.16475869097446807,-10.34043306843707,11.904974309480183
-40.58594972375097,2.5758677446981433,12.491255347155265
5.606028899550017,25.673525234577454,12.394628892852941
-35.25950244297555,6.436208685204164,12.577639650232573
10.144691329155682,8.656751086809578,11.842236406331555
-7.9207439671337685,-7.880630596268057,11.732069026983156
30.343903984948007,41.70847223588444,12.230770136157428
-36.6439092643864,1.1383148595106156,12.211065162153215
34.01556282598109,-20.263105231468266,11.856522261533737
-41.39234030956345,3.1609776359260335,12.936754021718041
-1.7185166476703795,-9.544020368601478,12.165255859329688
-17.711689927365406,-4.784905236744002,12.339295865674435
-40.67293471560405,1.8706934422216255,12.128116509451258
-42.71076144791959,3.234874879428842,12.242891437918386
-44.000768527033756,3.973510534748247,12.407383590534293
-21.38860888020119,-3.671821216852265,12.09626335986454
-40.91998289430008,3.4060665261846577,12.011886987792716
10.252964659736016,1.0278725180486465,11.976665770490767
7.181959201226937,-12.316627872774212,11.385103457032141
12.3464534121519,-14.059778843596233,11.711784520403112
41.12620633581854,42.91947745751978,11.941950837487406
-40.491868843295926,2.5734406772613414,12.359784657728284
45.030438466635005,41.6792688384732,11.819681958463892
8.895567432541677,30.911397055734216,11.782960235741939
-9.487118893426112,5.213255670208381,12.367345048436391
31.01684006538953,-19.738152389103565,12.025755079404917
-10.65068879251144,-7.05157094244264,11.86710429621008
35.33658676729402,-20.525492273387837,11.931642378754141
-29.078529801113124,-0.6921601239403543,12.384223015005313
10.745933839873695,-13.397647240910647,12.07254696717504
9.770271720067573,27.008932205731703,11.973516181427835
31.22757680586267,-19.749361080477115,11.964007453736912
-30.384560587032816,0.028677023177370788,12.495007682693725
-34.57117349319372,1.0716552624588616,12.230770136157428
5.562699131637988,-12.003897571342097,11.917730355182513
72.04256177675363,58.74168428052054,12.59473402514672
-38.58801280437432,1.9519186448430712,12.631016799175821
-19.506895214816787,-3.5058926141084696,12.323860125621126
61.85560906770948,-5.985539950877661,11.402005077384885
43.95895281180267,-15.957336733468884,11.320565693461432
-37.33649139841382,1.785137884614862,12.793862088206213
-23.711914646531447,-2.300418193319557,12.017336559562407
12.447928361024463,25.83962779523123,11.790564777297387
45.137054155109745,-15.306756373146595,11.694421681264394
15.02608013823579,-14.869456651438012,12.834683971615659
38.50766195821684,26.782762988986786,12.08954444723597
-38.46577337830394,2.3953772544936616,12.146858590895919
-5.691313338540091,-8.419702055773206,12.468440756144114
-40.62816602339934,2.626644684593036,12.506180941677357
-23.22809515913954,-2.983432958621597,12.468440756144114
-5.646189795674517,-8.72608489228789,12.141539457711714
-40.943661658976275,2.54525778259174,12.74444728628135
-38.326775214802815,1.4188383585711721,12.777055016970678
-14.171146208575825,-5.065497696036154,12.614868865984631
4.712567516884703,25.29131761996093,11.745433036677353
-6.849182705291886,21.76823033769537,12.396697137361691
43.46450736526532,-16.408425050948416,11.373674891823535
-23.18203780536511,-3.2472072148437023,12.688501881189456
21.640448551314066,-16.79032656428621,11.886218559372042
44.50653597286559,34.63422127368076,12.276069679344003
62.02086432288444,-6.011069253419207,11.264476926102367
16.285475062135923,-15.18299048932793,11.686887175419702
8.502353320132967,12.35775512082179,11.842236406331555
-37.13423361985122,1.4710132765021275,12.556733038263905
-38.16568513220334,1.1599344630550608,12.240478903153711
-29.816285838591643,-1.0318755837251559,12.165255859329688
14.896473162725911,-14.528059366437585,12.34126328584159
-40.16181713974978,2.4443776879084416,12.841132451487937
-35.959377566484896,1.223866258082019,12.273735966890268
-17.545161678699483,5.44963539422317,12.218500103788143
5.546195895048962,17.472440521075587,11.951186847493476
-35.08586112618038,0.9425949350595437,12.220473454337986
35.47376298205339,-20.409296911858085,11.314486721293981
36.271243626193716,-20.338285928405057,11.37940550085183
-39.6958234168864,1.6802833832693405,12.491255347155265
0.25213948489570664,-9.966034934889805,11.350418300109132
45.15957821915471,-15.028128162775355,11.850832386224807
3.9153605712921786,16.542746670209585,11.928347504569842
21.527485269444384,-16.762928930155134,11.967187086434018
-37.085333166115475,1.826336482161432,11.944714374881176
-39.941744211585856,2.5804320542106285,12.988043102265232
-42.289818042767926,2.647510626661021,12.670001611311875
-13.525226075311584,-6.157610055693664,12.154784614286667
43.37294981551774,-16.371562071835168,11.461642696843066
29.578382483729328,36.51013099917529,11.570259974415547
20.574991932082305,28.260318562911937,11.849404844423074
-25.670366036732844,-2.524330422296841,12.086731521684555
-21.8506566207318,-3.7902795753523035,12.06105265381003
-0.07844974752418758,-10.236852879291128,11.80560254159177
24.37780997015284,-17.50408796864065,11.775297421715827
-30.14686361291177,-1.0809636761050536,12.54254845357358
-2.597677906745655,-9.424784917321736,11.957617696467539
29.099484011165202,12.358469661958887,11.884495917930655
-36.23109306190374,1.0941781480013597,12.198549416880068
-11.205191634500789,19.009654001570738,11.678448377988165
-0.24726631811490535,-10.08640727205991,12.154784614286667
39.53967012469152,35.17361891519781,11.898194668458823
17.387343025342147,-15.600039234225163,11.976665770490767
18.647889106743534,-15.926619848729526,12.013706813470414
29.66672477742997,-19.192936854507717,11.790564777297387
0.7263871145643245,24.2674457231394,11.995357787034976
-32.45893263366015,0.11888497014733158,12.057578437658945
23.379404500595296,-16.783401267739798,11.808821212646512
-10.652705849929923,-7.183528285666639,11.736077016252437
31.337573007127396,-19.72210083868769,11.719947764402807
-36.979497798536414,2.280902459567557,12.299112067295642
60.07995651875955,-7.484647148796101,11.0186455364637
-26.895270633342754,-2.0795436499135227,11.904974309480183
-38.43917144037251,2.715601272575862,12.73670383776449
-46.3154116891943,3.537587347187719,12.885204569609956
-32.56750988462648,0.06663555096107486,12.095146671399466
58.42666606701519,-8.090407842235487,11.751950239425476
-40.645158271377426,2.3643516483064357,12.142871895843887
-40.610045694458215,2.5883699795114756,12.271396795480596
54.88279871768474,-10.020578167322629,11.23850177707664
-21.820743070810625,-3.323612608266888,12.388398368982115
-38.53199549643536,2.1612783692905992,12.165255859329688
48.8681566954576,39.1511976924235,11.302216779257382
-0.12606749586911947,-10.297744011909764,11.736077016252437
-31.78281624003175,0.2540079915870287,12.160033942617156
-42.89432472264198,3.551096150726945,12.962196972666593
79.30734308441872,3.366243022794899,11.686887175419702
-34.491361381631265,1.135839971520912,12.278397958261774
23.4367109288731,-17.10682732964904,11.575909653758895
43.503770478756785,-16.449984765115904,11.51293546492023
44.23016664573605,-15.51129757237245,11.599112335481124
27.228676876228416,-18.39659815241484,11.767575435251748
5.599440480500932,-11.86094801897676,11.719947764402807
18.873490488388164,-15.825934691578224,12.040614105490253
61.77670770830269,-6.27584269831896,11.112462823634855
-41.19497873465045,3.040369369095839,12.392556361841777
-27.204353404541468,-1.9812404605316698,12.411056299528171
-39.131477322555604,1.6699513855917107,12.013646205940514
21.87217967897506,25.59701892173461,11.58989576532275
-29.980674768543064,-0.8122905506848594,12.460718739865236
-25.985889975684778,-1.1152732761116653,12.031725210748633
-8.088080499935732,4.733218679514724,11.918397239722838
47.74853101034715,-13.774633852034821,11.652696102959753
53.91616374939142,19.318075687402033,12.083910661257521
-40.85011151539331,2.500173715913907,12.54254845357358
-42.64793638789953,3.5069529506386603,12.73596827534975
24.742965172521544,-17.328014557924543,11.002116507732017
28.581927205867792,-18.812513549321007,11.884495917930655
-44.92806045942021,3.139228896736812,12.310437165348775
55.80232686073355,-9.521988326677027,11.652696102959753
-23.139737793668147,-2.910979609372189,12.337105293891872
-42.04201383353381,2.5650917665333286,12.106997888588934
-2.586498044139473,-9.383983670764591,11.915058360753719
63.41917700154887,-5.406431235598593,12.384223015005313
44.186663776995765,-15.79707331293243,11.744045122410057
11.00164593572448,-13.31632157577479,11.863589378812122
-28.967059089349615,-0.966628984100419,12.237091546357338
-12.424275055163408,10.224954238444857,12.278397958261774
30.020301020753564,-18.864736718352024,11.635151947212842
-29.955206688885287,-1.1349100442679094,12.660331092405906
26.960492510588075,-18.36965577232641,11.842236406331555
19.231882731679658,18.63068361057799,11.813037464800539
-17.67037768219483,-5.155121753999244,12.524530013005734
25.942532461945085,-17.840225811389722,11.599185726610004
-42.21272087432115,2.3623474652501035,12.182809136284991
-15.914771805052363,-5.39506947213709,12.07254696717504
6.9069687699022175,-12.263347149595468,11.355113089309977
39.08463736599558,36.18633809596283,11.288543647320601
6.55363662738361,-12.0608505151406,11.715874472198905
-28.759544449339863,-0.2561482774730487,12.10625783509458
5.643805994008067,-11.800518256936162,11.302216779257382
-27.154962224178774,-1.7885154791794757,12.264346270624157
61.81809023679239,-6.0935541337102705,11.661354090741
31.096383876056464,38.375322568229926,11.686887175419702
43.421730624349095,42.41642414862748,11.411457364027745
38.09840317157665,37.90017659738158,11.608244735642321
-43.59430449859825,2.709741555719218,13.22672519452875
28.610304566594028,-18.839156066519546,11.678448377988165
33.24011317769284,26.051041992645622,12.000897933306716
-41.24626978751935,3.1093774499249287,12.058158312538197
-24.959907024855898,-1.6441867313036955,12.25486757159303
27.321628012248535,-18.042385106378116,11.755879486687116
-3.371174388481818,17.2959019629667,12.154784614286667
-30.104073833223072,0.11272428530885276,12.20557752297723
46.98189116146355,-14.11988243974476,11.691080018519527
12.457284215292175,26.156243480359404,11.695255355062795
26.862770935534314,37.39837899166801,11.608244735642321
1.2318120387454357,-10.647071031709675,12.54254845357358
-27.86032174041065,-0.9861240194818641,12.225880174775122
-43.15321327023737,3.366667907228432,12.25486757159303
0.2815900642437809,-10.4013193659834,12.144202560946876
4.02571021224728,-11.638746354046102,12.075400019877522
65.43408218132342,-4.039525356999855,11.49273296168228
10.637406472070621,16.06301866363462,12.45293662970407
35.3605599748632,32.162670000547024,11.989165855127435
35.4387103181189,-20.597363000778365,11.608244735642321
-44.83699212529435,3.4350090210752966,12.481565733211923
20.48553175332382,36.13288393999062,11.951186847493476
15.333529799083054,-14.712699242957646,11.04106411122238
28.121284272961844,26.64039594631346,12.147919030759663
-2.4698389652281394,-9.486422181727088,11.728044909070785
-37.97177991594247,1.4398844992394146,12.093693109638318
8.36125532335288,-12.744439270108957,12.025755079404917
20.808953379027354,22.7844764380031,11.89478753335453
-40.71546063491318,2.1844736675842844,12.429220196836383
-23.26441407616805,-3.054711549840033,12.138869243416009
-12.069879497321724,-6.717505220751934,12.264346270624157
-1.0168352536516034,-9.348185095036147,12.154784614286667
-39.27945646457338,1.4853635560158707,11.904974309480183
-41.52758240162148,2.8387347369903075,12.994532278619134
-32.616161414069516,-0.3776835983070598,12.433212202169729
17.80825114593629,-15.537834347502484,11.794345471549745
-29.175366356210397,-0.8605754220761495,12.249615734512616
-40.92145742616434,2.504789096457587,12.847929163278053
-42.82289982416451,3.226427565760752,12.601490784782536
22.88762509285433,29.27230218107072,11.401681006153428
-38.88250381581954,2.0346279594647627,12.694655727828803
-37.49825124334502,1.5853617261491817,12.832013750189885
39.97697422911773,44.44131819357027,11.951186847493476
-29.95421225544674,-1.3289139814975885,12.00762780434872
0.5670212288483475,18.33762539974991,11.794345471549745
8.390636108267104,29.373192043659728,11.898194668458823
14.972618250891335,-14.942937798196482,11.957617696467539
6.770842277218354,-12.301539163540673,12.07254696717504
69.74463261219476,20.68394738872698,11.982935344196433
-6.72000607390914,15.34178720027244,11.362114203075018
0.18602701461342006,-9.695810821912541,11.652696102959753
43.45814668832817,-16.312989988739485,11.798111925972618
-40.2964412612883,2.418175035129142,12.059809113551397
21.981930256542384,-16.829985576561192,11.951186847493476
24.119253886407936,25.714727327457,11.421917019425596
61.88082938910229,-6.345147372576681,10.460270761075149
-22.2429652855971,-2.5911756843279674,12.971542813248437
57.16866104615118,-8.447575218276576,12.122696471358964
-5.41327931132309,18.538797627391496,11.775297421715827
11.592839710871756,6.252848261039502,11.695255355062795
3.9830505057635173,-11.318662720833776,11.635151947212842
-39.16390044169766,1.86409886678518,12.331387247601905
15.233840331173838,-14.641189530652099,11.849404844423074
5.064115811087143,16.16856174931319,12.574185427296195
2.8776174100016063,-10.895939547508368,11.898194668458823
32.63619254095977,-19.552714354515953,11.732069026983156
-23.821223730777913,-2.156417193236527,12.278397958261774
-44.62548515678368,3.337978371507913,12.246739428005663
28.75435036834845,38.480461138778644,11.989165855127435
22.755431684200786,-17.18581410418187,11.732069026983156
10.482652924075012,22.608688539100516,12.013100572810686
-39.90097754894655,2.7029479564252066,12.2193145828011
24.639777312036617,-17.66868058303817,11.774527900858468
-9.23215220913243,-7.337303312606081,11.80560254159177
56.65967504826262,-9.032394726425657,11.477308649967686
-45.092778877201,3.177424131609775,12.90634935052389
5.458355566930835,-11.507832352867846,11.970356641102999
-27.71246054199896,-0.7847885705229221,12.487488878546145
-29.728029624318754,-0.9982576590588362,12.259618151783465
30.89764334051551,38.63161979408696,12.36308066783498
55.8291554551904,47.37563569432245,11.573559498507079
25.744112596435055,-17.788700003648607,11.918397239722838
37.95866687275723,-18.92372581397003,11.976665770490767
-42.98723064203181,3.55715431063961,12.126764251515691
-27.92534982369898,-0.9848297163828417,12.662709207270272
-39.22992308526872,1.9233204562170076,12.07824495582233
6.478894619702397,20.44114530145999,11.790564777297387
-43.73926792715979,3.03351796202447,13.008661502470739
37.28056374918975,39.250916698968076,11.362114203075018
17.47579797201881,-2.047852550261626,12.209192772866418
-16.89913640184633,-4.527536253747103,12.07254696717504
38.58613487111457,37.13204633209139,11.759793355371237
4.141281622665823,27.047740600722264,11.58525542883217
39.23474716210413,-18.715995173859067,10.579005242826247
-37.95970777039998,1.7841940311505964,12.08954444723597
51.21434453690317,34.52716929020587,11.58525542883217
-30.30334094545349,0.24361137251022016,12.144202560946876
5.582134511147842,-11.93771597629416,11.619544188752133
10.748256645645634,-13.651697874720561,11.970356641102999
-34.532177306758804,0.6848420319787821,12.513561021741964
-41.075926751222084,1.958587533104943,12.660331092405906
-32.521687752920116,0.04799202830834508,12.421188057397055
-30.355309546281976,-0.29182156405336607,12.270225154674701
-29.944871275665836,-1.4348355208638417,11.798111925972618
-40.68259483565041,2.2973733413727655,12.098854850641
-16.18846495459528,-5.382494386160078,12.34148164933907
58.897712343663066,-7.510282850548764,12.25486757159303
8.1370431869257,-12.625153360491025,11.771443882099637
9.605528657933164,16.32891181069306,11.736077016252437
-37.02992828185927,2.3147882771810466,12.479913113434042
-1.2488618191591967,-9.873344073253831,11.849404844423074
25.976689451288184,-17.86502562296173,11.630717389475995
-40.90036418449959,2.2341554576476548,12.450981602512561
11.168294384110203,26.432172054817162,11.58989576532275
-37.31766572644607,1.8689512810865596,12.556733038263905
60.246564472832965,-7.199901371967205,11.635151947212842
25.841585075791567,-17.94819930157226,11.856522261533737
61.85241475619654,-6.255618130738872,11.58989576532275
-27.623508700046003,-0.8958719614292776,12.07254696717504
-37.10347862697192,1.90358410922766,12.36308066783498
7.280165425585223,16.04830823621584,11.707677772181546
2.17015134701167,-10.22535432416847,12.04355959836804
35.10121606701863,0.8230755975157751,11.58989576532275
63.26977351664327,-4.91815508703577,12.128116509451258
-25.440351618174606,3.611403244534089,12.498745990829315
66.20871820277988,-3.557652184547322,11.759793355371237
-40.43385585605742,3.875540906002631,12.691583538230217
-37.90653666444915,1.2008516199974504,12.273735966890268
-21.922054459529562,15.808825581285085,12.665397584983758
-3.872147935980996,-9.193566215768463,11.820123358887447
14.998651956570344,-14.822378837033662,11.867805799560465
22.852467714594365,-17.1776136870103,11.695255355062795
-44.69590518159324,3.7730067220447645,12.32163544049751
-32.35809168846469,0.06297358002146071,12.04355959836804
-9.193813004086005,17.61793571473487,11.842236406331555
38.11504285433477,-18.997109929966307,11.682676678340282
54.6845262247524,-9.739429223572,11.884495917930655
13.428427797547226,-14.177115961938457,12.010671928196443
-41.78096427669947,2.961548715489674,11.891368749982085
29.90141398612559,-18.695524736835463,11.78676973513378
8.60404003753945,6.972435110882953,12.111217862017215
-43.96400377608188,3.897745628341867,12.442306148381938
-18.769321396231238,-4.724459659213715,11.682676678340282
61.44720591563399,50.87947421224356,12.691583538230217
27.49846508768035,26.48205710590805,11.798111925972618
-40.145550633016114,2.4261990055014016,12.820990681250251
39.961689670098984,38.38281872223214,11.775297421715827
-7.819448561921779,-7.950743410763002,11.827743504053695
-5.671595733650882,17.303306619191343,11.870606902224587
48.41745462285325,-2.280983458480938,11.283524879179666
-37.83804875543581,1.4762020204081021,12.132969552931216
-43.82432912352221,3.0500111477140286,13.02132904585825
-17.795945094165788,10.567814953672784,11.835016210489899
-36.670986234418436,0.6545061181191753,11.849404844423074
1.7223159846294582,-10.461475448039975,11.608244735642321
-40.09302447784624,2.389227552008828,12.672949516558306
50.089279095718865,36.57434391423534,11.648373769145277
-41.24955371939413,3.1064265246343923,12.176654133447505
-1.3690187099724724,-10.143113489365458,12.289958727201455
-5.1971119394984795,-8.392773555916913,11.92504173829169
-39.55813399777426,1.8343240724000942,12.524530013005734
46.844436408236284,-14.046205505281323,11.856522261533737
-21.836137681795144,-3.3653492976697574,12.301387370778713
-38.21026940048249,2.6155781211306994,11.92504173829169
-35.48994872445512,0.3112352649611493,12.30592250537653
3.0342307907734583,7.389135282177858,12.230770136157428
-26.969306939304598,-2.11280806374296,11.931642378754141
12.387666179355277,26.18136162264371,12.323860125621126
26.628737208465875,29.22028228345693,12.791358964949923
20.373879416148558,-16.33515353962521,11.682676678340282
-32.92720870072887,-0.15683819598804352,12.653961664405365
-2.6727021918135296,-9.683557911605124,11.904974309480183
-34.150817335757004,0.18504700574925098,12.474193386571581
-41.730168701578584,2.483447282226286,11.898194668458823
5.607088669439311,-11.74647856235181,11.231901180182515
17.449198277779136,-15.538203911875758,11.83138646878959
-35.75179623440656,1.5771395183845978,12.118339189722553
30.086885143971287,-18.88299051942616,11.566475710526321
-42.21940210748482,2.4288705345878405,12.659737267217572
-36.757123248174146,0.9607014366974985,12.628070334272698
67.31263483095256,-3.5773196307333412,11.112462823634855
-8.14008681025036,9.362099990656324,12.388398368982115
-1.3263555220354213,-9.997412899278505,11.813037464800539
-32.55950189036571,-0.310350659539599,12.034696963475044
5.362910472461989,-11.621257864623898,12.014615485902027
19.110124008129883,-15.837869154879371,11.982935344196433
13.580279859489659,-0.6985875920829718,11.848690308590857
20.470540283061013,-3.8576302679628047,11.938199736300925
9.375894417729722,-12.907119216777666,11.813037464800539
16.19435436279561,-15.296220493581204,12.034696963475044
77.66579613916844,48.956690507525536,11.728044909070785
-40.86658735806034,2.0996298989946447,12.252483791602627
-1.458964305679166,-10.027317328459784,11.320565693461432
5.798629596325853,25.536656096013427,11.845109950883979
-5.346897035052974,-8.648096558470188,11.87757552297847
45.6428860463004,36.37476608041506,12.206077645517674
47.97328195892279,-13.819257680764684,11.002116507732017
30.195527025200914,-18.68083734221359,11.440365524765756
70.60992670293669,-1.3498731250926275,11.350418300109132
-40.685401025766375,2.025158104156181,12.485830907348902
-37.45753128896433,1.5930423618156657,12.520887034998584
-33.84519129355805,0.2727814129363843,12.328294703023394
-5.634201463367633,8.702409553681312,12.75130259456002
9.44739845941203,-12.939402916011138,11.931642378754141
-45.08857213081186,3.220442731934858,12.823631142839984
6.9417190996651685,-12.239309535961324,11.872353615355413
35.45895276240336,-20.645376342457222,11.495789479023493
31.07072182675981,-19.564071696366707,11.951186847493476
13.711640976785935,-13.826416398855859,11.951186847493476
8.550165331335275,-12.726435649992254,11.344518647594766
-41.65729891971325,2.9076559441201533,12.235393555399902
44.26511978011299,-15.534375392990384,11.58989576532275
-26.96910923062837,-1.500557993167888,12.160033942617156
52.81863956212433,40.27951370786165,11.813037464800539
-26.128256278447264,-2.566818283613735,12.765691290604371
7.004298151865126,-11.96174987804769,11.385103457032141
0.7598024175018055,24.006242270390775,11.8879382384223
28.58179130833952,32.702991291677314,11.91170829631447
37.14838813684146,-19.31493505704568,11.487617913343598
-0.16024863507430306,15.67335638122675,12.025755079404917
0.12965867778393037,-9.738015473718846,12.19552218463499
-29.95285087764035,6.926989437996212,12.904209855160254
11.003985417069865,-13.249839730118676,11.608244735642321
5.8178106460647365,-11.950243556151676,11.83138646878959
-40.01261746790171,2.573743784344016,12.955129822091815
-32.6905543102867,0.06896794253565107,12.348010479804223
8.206158471093662,-2.2617696234557485,11.767575435251748
-26.537211584838186,0.5623494761434306,12.173037959397275
12.499232736135516,8.932122214997312,12.031725210748633
60.06756697168153,-7.126779587766233,11.83138646878959
-39.274093084694016,1.9404854613558091,12.063938642041201
57.27322141788806,-8.692599081100578,11.548302261270587
-1.4200247872726492,-9.868436747760446,12.013706813470414
3.294425084523938,23.309656752135012,12.458778882573533
15.014745204203503,-14.670460982208324,11.849404844423074
-2.4979871354660994,-9.246598110496148,11.908346971208951
79.48716749066325,3.544537137833895,11.373674891823535
31.730446287418154,41.17617164418727,11.603688960617083
-43.66982077017597,3.0536848259557066,12.827995001361906
20.447864849132895,-16.45551238455726,11.763691965388299
-5.2779637248534605,-8.722434625185617,11.870606902224587
27.622084974112017,32.114720190434774,11.979391594635791
-27.51335333951427,-1.1709673208577536,12.06105265381003
-35.59944380112748,0.3244114217825915,12.560247968016562
-29.742963314695213,-0.8207355302526776,12.30592250537653
-10.796987185902585,-6.771801831171128,12.242891437918386
-41.94574685635431,3.0320559563953595,12.336556900342153
-37.80945744508644,1.4816370505274374,11.910365121788654
-41.97010200939456,2.417490275686346,12.879019669789754
-39.99482327485947,2.4751627788446857,12.179220327453931
-38.01697386098218,1.0457524791146344,11.856522261533737
-25.38106393558403,-1.7131402617811773,13.534474352733596
-18.40150508411835,-3.8177024743346526,12.721888795877375
52.498201499103644,9.163007025023894,11.59433032142082
47.75829776595044,-13.624669673324705,11.860062063178267
-14.948255271382942,-5.946210424048591,12.07824495582233
61.02473531291538,-7.023874046680485,11.39640288460621
32.609282733337935,-19.932775780161972,11.724004532183379
-5.972598678365023,24.056641528299814,11.83863282480007
-38.000485165207074,1.3861548615209638,12.185875040240456
-35.64020744022918,0.32094373135134807,12.652362948153474
9.634693563940589,-12.997205041488114,11.849404844423074
-40.943530056556035,2.526438831952649,12.799178471909892
57.535191126594334,43.93683309472915,11.849404844423074
-38.50582102425109,1.9881903189517438,12.269052139516223
53.2381090749924,-10.85383152841225,10.915106645867503
-8.212711157523337,14.837272042174265,12.618185607609803
-40.8872334297308,1.9509324317622316,12.445093483000798
-41.94043646090977,2.9786447886263616,12.09815887308463
13.779294282662248,-14.184265321762494,11.60733523953139
23.719288883970307,33.14202517098656,10.859018228147887
79.41606250514947,3.498615627638027,11.54031687156214
-16.89071101221361,-4.38133769113604,12.149507585033072
8.117061531748458,-12.8593535699227,11.767575435251748
-13.838565813786815,15.423430250868698,11.779136168550774
2.8450039578705915,-10.98746549015553,12.013706813470414
65.36352686559238,50.5423628748835,11.979805470779858
-8.65062629007077,12.230613783779768,11.964007453736912
-23.73440578704741,-2.1258252023252373,12.739640688812674
9.677446203072744,-13.198655312462353,11.763691965388299
-12.159646804687242,-6.4800047146232345,12.524530013005734
-38.02386154670397,1.0603665520312278,11.870606902224587
8.36294589705981,-12.641319710432102,11.732069026983156
21.60007547244031,-2.7917901675878527,11.813037464800539
-42.88747129513054,3.2439836648803877,12.676079399771027
8.382102788303452,-12.801444253907123,11.699413330633599
-25.529625282352548,11.298734804217055,12.310437165348775
-42.09632264129005,2.313636819719314,12.178192583415596
24.447087316349403,-17.38548259190484,11.608244735642321
57.45868325219948,-8.81942750524942,11.542493975902508
-26.415251393840673,-1.5200768471779187,12.373707715234994
-36.89630346873865,0.6840617240319333,12.141539457711714
-30.59597662627926,-0.1597405940607004,12.312686874960354
9.951513159076717,3.018434811484106,11.786008995353765
11.054177711017163,-13.250914717607545,11.58989576532275
57.30662961923486,14.309706772161222,12.001511614739405
35.6089990401538,-20.710220559346077,11.445727410406752
-39.185979418720784,2.1717354958840915,12.3879816172226
-15.070079086519444,-4.97077062289423,12.095146671399466
-37.909492649854506,1.7823594114221566,12.154784614286667
45.88205691594786,44.54008455348,11.790564777297387
3.8145542438160205,14.41519496136634,11.863589378812122
-33.09966063666779,0.6785220066349582,12.095146671399466
0.5061376207662813,16.111755720844226,12.07254696717504
-22.93581167680888,-3.240181431474383,12.100717685412471
-9.690267746566796,7.582959604456789,12.61087420020211
-32.60702798767693,-0.0614435243862139,12.371591321286905
71.8073370435537,59.59224092813161,12.491176396967154
-27.33477565609828,-2.0402909297362974,12.469978029554953
40.06067032755065,-17.987275350110238,11.49273296168228
45.096816218704134,46.22092456983457,11.477308649967686
-36.386017874969646,1.3247933286293592,11.995357787034976
-28.543957862953594,-1.6271025836441717,12.28765724080691
-39.39874833937661,2.0546160690482327,12.526346537332584
-7.5348185917180155,18.561097826115763,11.957617696467539
-31.16323956964351,-0.7679667916108996,12.058158312538197
-42.07395275462776,2.8550281956042003,12.264346270624157
-2.7531843638154285,-9.292727229764637,11.97603664577121
-31.089168774986263,-0.8348653653636967,12.097378802727306
-26.07916541611741,-2.178407351794488,12.577639650232573
23.245496797610276,-17.032625573717876,11.755879486687116
58.250742107910334,-8.461144478467023,11.51293546492023
-44.683884789982194,3.6472150774986356,12.279327754099118
-31.360610702754432,-0.690936690569327,12.727841176689147
-26.125779942042968,-1.666596164124634,12.506180941677357
-43.486595292443596,3.026088537121232,12.484208043148733
-16.235856882132662,-5.079943176040919,12.188422799337028
27.438084023117224,15.097757224478084,11.982935344196433
-38.43598394680443,2.249464511142931,12.28690580994122
-36.93029854643706,0.9660493305603159,13.195615697878253
-7.978074547280165,-7.857166791794532,11.812296455066814
34.09269829687518,-20.51413353759958,11.532737896139919
0.1698931134265573,-10.337208243661152,11.580593459194764
24.542777939747364,-17.459550246940346,11.648338835562747
-40.822577438978065,2.185473964003004,12.886643575525625
-30.018919035876003,-1.337481590096176,11.995357787034976
-40.03385014611846,2.521027332707325,12.308182383129823
2.826575316564182,-11.151430736941576,11.86710429621008
-1.069696594647325,-9.94788534736412,11.87757552297847
-1.2351220374308975,-10.115095373188788,11.813037464800539
-26.25894619275182,-1.4066290598240798,12.07824495582233
-21.649560976871427,-3.407911625918801,12.077676615757813
-34.1982160973158,1.1392150756538184,12.139403856983334
-2.9577220841465253,-9.527176917835803,12.016732516077072
42.97141827082535,41.87470084779335,11.759793355371237
12.50843051652804,-13.90262035942313,11.992266613576142
66.3048699335,-3.9651396052726895,11.842236406331555
-37.86576151130086,1.477415505851121,12.358798024384122
8.339713356776866,21.547115700279374,11.588969419043872
-6.098808015641127,21.980313251260323,12.141539457711714
-39.83652205130478,2.5844578111529493,11.984184555794167
0.023018257882564692,-10.306943653361028,11.896833207128452
-27.686650771691767,-0.864225269932641,12.505402864156405
-42.16788147216891,2.659184078203615,12.323860125621126
-25.298963284617813,-0.5437194854943415,12.178192583415596
-5.767067188819928,-7.364806944401857,12.049424683420915
-1.3623879837898063,-9.63951230813773,11.874097282798648
31.314424800517536,-19.608614714057424,11.608244735642321
-44.127108208283,4.224106199390702,13.091906231773164
46.683459177253866,-14.371257308818382,12.07254696717504
-28.3744844229329,-1.2731253872237422,12.206077645517674
46.30558928286514,30.5421574913134,11.60733523953139
-39.247781312156455,1.8711174361397804,12.149507585033072
-44.08523668717508,4.235965658723078,13.275829251377
30.053965746386755,-19.234054558994398,11.678448377988165
-43.397552513080406,2.9820475032856715,12.335700805443338
12.28793031532479,-13.95024617050824,11.816734299348461
33.32955655589623,39.694308835937505,12.317171167298682
13.563705721597188,-14.592678156220833,11.982622797311857
73.86144049515943,17.6063210619731,11.571203807011969
-9.174429105944622,10.678393451869708,12.10625783509458
-38.023201709656604,1.0690257171365944,11.881041706925902
32.86253125027543,-19.76969712853569,10.932999821119937
24.537858672599775,-17.515955555416294,11.969723533345908
63.58555076343381,-4.974641014232562,11.661354090741
-29.874014172361722,-1.0899068772634959,12.323415584358154
30.047313360369348,-19.10497066905322,11.827743504053695
-35.533284205339505,0.3169630385326985,12.509877789891931
6.850773444065691,-12.36767489831617,11.951186847493476
-45.43153456174772,4.050341455512911,12.319405795112926
-36.4178459698773,1.3267346753064502,12.117246896289503
31.471169482167987,-19.210401333217224,11.440365524765756
-36.54027496594267,1.3858102456974977,12.323860125621126
44.16933541334539,-15.48628976681529,11.845827048676645
-40.532833550323,2.3354825492825064,12.357079818283598
-42.91215955938921,3.2252228740944413,12.861001210669146
58.4451925529359,-8.424788287865592,11.603688960617083
-33.95760585617662,0.13756503205457127,12.149507585033072
12.366661542145494,-13.723856108205311,12.128116509451258
-39.068743384482715,2.1633917571858228,11.900912042974875
25.734147370862605,-18.10981605365592,12.019749091416921
-39.06954563495149,2.1619454786788266,11.92504173829169
-36.825032174206925,0.9833020679546618,12.37581963951765
16.385010897949993,-15.235304648731422,12.025755079404917
20.377064134178916,-16.387725018753134,11.849047640327147
13.941985230026685,18.719074516186446,11.759793355371237
26.27089765289309,0.6418438293272742,11.941462360646149
4.225625716587993,-11.415005518300726,11.51293546492023
-30.758505249547078,7.473370252281441,11.87757552297847
17.615347107223396,20.905291084402528,11.779136168550774
57.49550236792433,-8.57848394885156,11.849404844423074
51.134773580096784,47.35246041576474,11.967187086434018
13.551311892086284,-14.383744412191891,12.071975378543236
20.697351800448555,-15.921401975822883,11.856522261533737
66.171206329406,-3.5166607864171673,11.944064817531656
-1.2714697720100623,-5.614591937293828,12.049424683420915
-23.177301511215898,-3.0130785200184667,12.269052139516223
5.587839991229666,-11.84755862258482,11.80186424743109
49.89254118020715,41.004392784342805,12.388398368982115
-8.64692738356824,6.07239093983537,12.138869243416009
-36.67158155884413,0.6557200567351855,11.78676973513378
-36.67816995299291,1.0200706862239377,12.278397958261774
43.31046985637899,-16.151738048233316,12.00762780434872
16.19618400972347,-15.157414453989187,11.970356641102999
19.544212381179758,-2.1166433238303237,12.04355959836804
-3.7382507100272644,26.27775174525967,11.751950239425476
-2.3176083329848143,-9.556546617301242,11.898194668458823
-24.611660441458373,-1.5270243572840914,12.066816325306588
0.11531440342913411,-10.167052120663678,11.931642378754141
3.214904657246341,0.7010096118100655,12.429220196836383
40.7079723010789,37.14533131197437,12.154521423145216
15.045053882333391,-14.699147729802059,11.78676973513378
-11.06248370813262,-6.155876617580617,11.931642378754141
23.301895460617498,-17.335250185734324,11.794345471549745
-42.37718030229611,3.6091874942810267,12.43153750053306
8.26329829282752,-12.89506888973282,11.908346971208951
-41.357911177750815,3.1148467254617813,12.424810506025395
20.428592804537665,-16.425000269745876,11.767575435251748
37.03656288160288,-19.360757715606127,12.037659911047468
-23.774884769391598,-2.195521787632092,12.371591321286905
19.30673900783275,-15.67263595215193,11.603688960617083
-29.880751940227068,-1.0660905945785912,12.208574513247495
11.088230761300483,18.546002053774583,11.661354090741
36.23220444938037,-20.159923803519053,11.798111925972618
43.32827373611511,-15.919833746567981,11.104972264124868
-42.10016105029242,2.8996873932572007,12.623064399210183
17.798972534463157,-15.57767294292376,11.792456911128632
-38.6537565495976,2.248582043192178,12.765691290604371
4.335553059609838,13.448148090943267,11.904974309480183
-15.452884630798076,14.145840239470148,11.824087219587643
-39.646361853206685,2.3551274040329693,11.964007453736912
-19.675962673243188,-3.438215370006059,12.141539457711714
-22.099410221585288,-2.270623717419222,12.08954444723597
68.82405506675622,-2.2173765209767815,11.682676678340282
12.325773951875554,-14.083117900239108,11.51293546492023
-31.989419417584962,0.004688247311852844,12.70351207261035
0.9786835405961524,23.312441478403933,11.884495917930655
28.678483989373532,-18.24765345557351,11.816734299348461
7.955727478722245,-12.550434615931913,12.498745990829315
31.071880527096745,-19.653398524654943,11.915058360753719
9.903941920868212,29.3700059745826,11.719134432217524
-2.711141947624858,-9.278217748263634,12.058158312538197
-1.2115214968774635,19.588066682211515,11.947955847790901
29.66040797854424,-19.113587430583802,12.013706813470414
-3.594215242027264,-9.001157131217637,11.685693195625964
17.5331859315136,-15.429478509348609,11.849404844423074
47.585558073771445,-14.05184397360772,11.575909653758895
-3.682133844179314,-8.672785327208505,11.870278179170796
-45.506196559096615,3.958835659887898,13.323928581764989
4.967686910822922,12.558271501485834,11.813037464800539
7.082344329607205,-12.381679832766673,11.608244735642321
5.623033251850625,19.69774459525593,11.938199736300925
-36.40463064966211,1.339421003769304,12.100717685412471
-40.77132130140375,2.2633798758535124,12.388398368982115
12.32583087143284,-14.077741405168531,11.74006900564972
30.038000374131197,-19.22707915140953,11.759793355371237
-40.80455575209807,2.0011010640716624,12.449022745701502
30.107769035915684,18.72964469453773,12.429220196836383
-9.327087642670595,-7.51088576044401,11.782960235741939
-39.16149678323848,2.1545057887624406,12.066816325306588
21.79929835320853,-16.58052641190979,11.946660519211651
-6.92182403652334,0.6885052366170634,11.874097282798648
57.58429828598856,-8.83709289262061,11.385103457032141
36.33565772114908,-20.073148435266855,11.884495917930655
-44.748567396818714,3.4230682278121938,12.065280672855897
8.367761302087263,-12.280868615539864,11.225256725762893
36.44465018474251,-20.356185488930706,10.471978128496518
27.231949998456916,-18.39497934567948,11.813037464800539
-20.34600486569324,-3.639255913621511,12.380030154325457
3.5209913380609974,21.099430010637054,12.081081821061819
-24.636184711411328,-2.6775843467099043,12.211065162153215
54.17466270567118,49.754069436938615,11.890683588496984
-39.66389357815806,2.590473331954212,12.043500773454495
-23.40840626842607,-2.3546328460704964,12.170450649220749
-5.564106207783309,-8.85540786614853,12.242891437918386
-1.3036455938044005,-9.930033187478934,12.07254696717504
-37.237635699025525,2.181094488353771,12.560247968016562
10.720017159676107,-13.314494614680495,12.07824495582233
-33.92804304414424,0.3393135244519674,12.373707715234994
-28.3266675594028,-1.338823693144339,12.310437165348775
-42.0514052388399,2.580307740916431,12.211065162153215
15.125502192842996,-14.726561735289907,11.674202123168433
-40.83732191453591,2.2281687780756756,12.676079399771027
-38.14841755233515,1.246054731239746,12.154784614286667
-0.5321074861357117,24.608401235626246,12.396697137361691
54.967167544992215,-6.588776846827922,11.288543647320601
-36.516130567926794,0.7924732195199892,12.127575825689417
-39.200271290153914,1.9173057441867625,12.441148720271016
-40.594511700206105,2.3044828648367943,12.387560521575551
44.20748725110334,-15.293571718004067,12.406565597924235
0.19571723549769743,-10.290004491538479,11.924379271639218
-31.218705395622454,-0.7832252731628584,12.273735966890268
-1.1136064989828725,-9.888838577416216,11.918397239722838
12.555777116112115,-13.68337670028818,11.870606902224587
24.24449267388526,-17.622126849632597,11.83138646878959
66.4229027958441,48.295518272773975,11.735276702486741
23.010361770741078,-17.401612091074334,11.870606902224587
-35.92168441458086,1.1694671409770492,12.506180941677357
-35.384660588667,0.8455514489335918,12.167856627501678
-10.436685134224183,17.846027432558724,12.193498926601634
10.63815414717272,24.852703186586588,11.767575435251748
14.968705776130351,-14.686291519580035,11.694421681264394
-9.159472885135479,15.375930849651796,11.804855999911272
9.216132507766982,-12.927327677312999,12.055255569732177
1.5218314038472516,-10.865226866623043,11.755879486687116
38.70603045772685,-18.735685572571146,11.884495917930655
-5.273653718501938,-8.4098924825573,11.728044909070785
19.24473116409549,-15.910526774829474,11.790564777297387
-36.51999408098615,0.807720445814749,12.128116509451258
-31.05134872372761,-0.6096728553156507,11.951186847493476
0.8827263932793795,26.428551567178864,11.665655135642039
-10.19316462266993,6.127561179172432,12.513561021741964
0.14880818979438917,-10.05477160578295,11.951186847493476
-42.13145801668515,2.799452331421825,12.384223015005313
-35.7318223297607,1.4639196426618006,12.277932735946903
-40.03398274946996,3.8984061763062607,12.094587859196112
44.04702305078949,-15.64424771807047,11.982935344196433
28.484310699631582,-18.99287172836701,11.813037464800539
70.7619601064071,-1.2539115204854465,10.542732775946709
24.4310567671364,-17.775445790800852,11.849404844423074
36.60071250714354,-19.800061441708003,11.813037464800539
-37.07923568597092,1.8281898165899344,12.06105265381003
-3.804055271938701,-8.814029695964262,11.507922973347437
-42.31077081151362,3.595703928010758,12.111767460549332
49.91069528757713,36.54032776971038,12.02874460037869
-32.50936825475851,-0.14197281013059343,12.013706813470414
55.512981563696066,-0.6956215894697406,11.356283350762888
-41.10668008074125,2.8735889907299756,12.20557752297723
29.97821234428306,-19.108191913710222,11.608244735642321
17.765865147326643,-15.438174871714304,11.842236406331555
-1.7772286790833338,23.984523352764874,12.091789104493502
-30.550891131549495,-0.23292814347879615,12.724869415131389
-42.011034720910516,2.6608048991814575,11.982278882874377
-34.93829821557111,0.9148468847896942,12.45254592991672
-0.8638564968729331,-9.582417043312931,11.744045122410057
35.329710241089515,-20.849261563814355,11.736077016252437
45.37569183579138,45.272463881272486,11.669937760751914
-45.629109992815906,4.037468627479727,12.887129532148373
-0.0544906346705886,-10.053087173516118,12.180759965737863
-40.44919895107933,2.5537174866207364,12.190964083849375
-29.12460289052046,-0.6267239692710812,12.759960632315702
77.82749633255237,43.43474401959066,12.031725210748633
2.3173405082036287,10.536455102128198,12.138869243416009
-39.538988542919164,2.999796150077265,12.066241450757124
-41.510589539883966,2.8640455075882123,12.729323752253295
38.89025005646808,-18.679594913606916,11.7085004721646
20.43523615047667,-16.295192781220216,11.824087219587643
8.080659917508237,-12.58382558312085,12.128116509451258
60.08520428179936,-7.085962701294843,11.418625774449596
-40.81456599955728,1.9896118999107641,12.235636302128867
32.88492906060293,-19.858940439519312,11.314486721293981
61.7487018985102,-6.108628011917389,11.362114203075018
-40.89022287392504,2.1047913311484585,12.354496960983985
0.14073580300739563,-10.074296578060979,11.827049837927534
-39.78543844539393,2.5462956872921585,12.10625783509458
-1.3958588604173672,-9.971979347643348,11.917730355182513
8.28732387421677,-12.689182163170157,12.004574385508691
8.400524614226255,-12.583382228626707,11.385103457032141
-38.58457870932939,2.311806431627461,12.388398368982115
56.74007354388176,-8.881017317713008,11.532737896139919
37.42841872645629,-19.28678845618209,11.813037464800539
15.438659553221063,-14.588121267511966,11.51293546492023
37.467965966835884,32.99280189775398,12.013706813470414
44.11587199511488,47.36616515405058,11.350418300109132
36.865861813615666,-19.92499749930937,11.688566422839942
-33.802737778423065,0.2642473929739937,12.33270970174018
-27.386361060224917,-2.10596295619733,12.220966184120165
-10.844365098413961,-6.980034511414023,12.141539457711714
-20.77673601017733,-2.8637192412550174,11.982935344196433
-39.4611251036981,1.6569692037945123,12.271349956195543
-39.28103173548847,1.600314194968914,12.07824495582233
-40.85939679410193,1.9618001180905784,12.175618592671356
53.12935500174694,-10.936374544476026,11.373674891823535
-39.86107920197762,2.593964182396352,12.160033942617156
0.15688940774917196,-10.316916400432907,12.567240979056246
5.646309858657347,-11.880172386363329,11.630717389475995
21.758938911322048,-16.872791187288698,12.02874460037869
-42.799565930348905,3.1903669838657307,12.588194064175278
43.414071821926726,-16.306803584638164,11.561725152903833
5.42567778954963,-11.701673199941133,11.678448377988165
44.2565709935003,35.54678821266446,11.982935344196433
51.92953678037896,11.458021609278449,12.190964083849375
-23.17433334257335,-2.9280701295641567,12.644330802262578
-35.39258148569274,0.28401664922063297,12.345838935721968
45.910639929048635,-14.73760816091879,11.693169865968983
25.93895572561664,-17.749714310131047,11.338583982516495
-42.73014331665382,3.2438524761520164,12.66191713053049
-34.370315366549605,1.2923248302694732,12.567240979056246
-9.281460514153064,21.17889385588452,11.48247656671073
8.418765357545862,-12.758969457479823,11.289794413577894
5.45789737764667,19.779000248479804,11.951186847493476
-2.5736788526872587,15.710390990779088,12.06105265381003
-39.557532863857496,1.4946646689221803,12.185875040240456
-19.236163478987606,-4.2416993276165265,12.47717172708952
-6.943990820910429,-8.146209680225933,12.535379989788607
28.745700030971065,-18.630664030187788,11.846543632608535
-40.1617718762132,2.7891705757689085,13.229569788348705
-24.65758670904456,-2.041818876969175,11.884495917930655
0.1699199529281544,23.577358129306067,11.652696102959753
12.56138877693115,30.41648420091471,11.349241150793087
-41.84168554241337,2.6819093427225913,12.080996832096167
-41.84297144306604,2.688565109788559,12.206782393599413
9.615602153235194,-2.6241548362335734,12.013706813470414
4.22879185929804,21.67311261627574,11.881041706925902
-35.49418448930841,0.5870489667036873,12.449022745701502
0.03331994767312575,-10.467552733594383,12.100717685412471
-39.570919015528666,1.5396684511398187,12.13270055639427
-24.482697275494132,-2.509250934559101,12.421188057397055
-43.59436960244738,3.0126384781478897,12.721888795877375
51.18834069312087,-12.175847315798853,12.301387370778713
-33.61850394430886,0.05037417496354646,12.271396795480596
48.67574897864838,-13.450571502868723,11.302216779257382
79.33809913065875,3.4456627153838517,11.407576060361786
42.85632248898761,17.54718933270178,11.612779849672751
13.416387864283886,-14.432033707237373,11.944714374881176
-27.68990770333695,-0.8597965394053624,12.700771936142122
-23.29911788685854,-1.9115376066379046,12.08954444723597
16.1050372885259,-15.053296179412097,12.031129798974042
3.9861970244102345,-11.125031141775725,11.927687224983487
11.243844980847582,26.17597561295906,11.813037464800539
27.092676732189435,-18.505702109351073,11.813037464800539
11.061870467880649,-13.10296908275708,11.944714374881176
37.21340896554994,-19.30557771755311,11.424105180165641
-1.3778076309768017,-9.750049982420057,11.979805470779858
-40.63098249671248,2.343963873750641,12.175618592671356
28.097928949462897,14.03457369344774,12.299112067295642
28.937717430580623,20.36190564754408,12.04355959836804
9.436093416712154,-12.989440546953029,11.840796531639839
-38.017685938712376,1.0647920456983233,11.956976469393481
-24.231952305510866,-2.900665289568261,11.744045122410057
-9.000302820250754,16.65415679490507,11.884495917930655
17.8915707619229,-15.470287819382575,11.798111925972618
-35.351393972992696,0.619836704940872,12.165255859329688
16.17578791681871,-15.263866915240412,11.982935344196433
-26.247359417928294,-1.3906518725557835,12.141539457711714
-21.60331922921909,-3.690905064304416,11.898194668458823
4.16656857673457,-11.202147585609971,11.332613886815139
-39.740898820493214,3.1013794437061,12.437188334739655
-37.82382301665058,1.6579969967568056,11.83138646878959
-39.27360444838795,1.6006037017928485,12.190964083849375
35.58279743489185,-20.676063814653883,11.439289689006644
-31.69067226853501,0.1586946807138026,11.982935344196433
57.262478411512525,-8.451499176024422,11.824087219587643
-0.7530997986013044,14.179746799977123,11.891368749982085
6.549780573117691,20.366038566199883,11.767575435251748
-40.47650598316253,2.054692544334674,12.080696479888447
40.714923863135034,46.12397409474271,11.751950239425476
-13.350117581302703,-5.727109930616793,12.04355959836804
47.842864965132485,-14.056897149191334,11.759793355371237
-2.7464591766322646,-9.671548282667237,11.964007453736912
61.95234244141,-6.678526573217243,11.002116507732017
7.0864674822199145,-12.414335487884506,11.691080018519527
1.789178588340796,20.189559035005946,11.813037464800539
23.283850060157935,-17.10980300137718,11.979805470779858
8.364171652143153,-12.362616013994673,11.571203807011969
-25.240692988425323,-1.8054980844163884,12.691583538230217
-19.44106876940471,-3.655117436068887,12.100161978566867
-40.52700341736481,2.590827688408147,12.52352951631214
-32.43597839065451,0.13237552934730085,12.10625783509458
-38.742124958454134,2.0778802082165555,12.54254845357358
-26.22271899939589,-1.2840609240262506,12.144202560946876
-0.07631211169402899,-10.142420575358914,12.230770136157428
25.987282262565788,-18.035903050938273,11.774527900858468
6.1812037818674455,26.980275155625883,11.80932691294063
8.23626233002202,21.34759941441276,11.669937760751914
-42.11946712334046,2.270965794701765,12.669809806411457
-35.157851315898355,0.6289735401734322,12.123239799036943
-4.7186975152754105,17.717575413659905,11.775297421715827
10.813814736738765,8.462517206801543,11.849404844423074
23.2852632864626,-17.029714913944506,11.803361242493628
61.877517422439404,-6.206739349177475,11.681832447342321
-39.97152487583234,2.5137848010716506,12.268582547911404
27.26794953378326,-18.02680953086834,11.626263078808801
10.58668555451487,32.02136371491309,11.678448377988165
-21.754473780611324,-3.3147435595254846,12.007017865994577
28.80689994449699,-18.57700091606315,11.652696102959753
-42.10219152443637,2.605014183623674,12.066816325306588
-38.0304947149469,1.229958099514385,12.464587201678082
-38.36352908376529,2.6767996257956526,12.278397958261774
-5.352545324849276,-8.865391371928265,11.849404844423074
54.51603235606083,-10.079127945829915,11.813037464800539
-20.46357363237531,-3.21854328329696,11.445727410406752
96.87691217085374,12.950530441758653,11.674202123168433
-25.783608407013833,-2.150855139992,12.386312871189734
-28.364605388192622,-1.144362490552238,12.037659911047468
56.465540791899166,-9.097014398063681,11.532737896139919
35.52234462747206,-20.52603145796976,11.686887175419702
79.77647704472838,55.752252596950456,11.451060699493427
-1.380451266224119,-9.972170884006722,12.185875040240456
61.85035407405176,-6.545836544312373,11.87757552297847
34.07431665138743,-20.5008449003175,11.842236406331555
-0.22316226588799776,-9.96301187669629,12.193498926601634
-41.47762837256409,3.1045030682125967,12.959540872420414
23.31208726438572,-17.039676394756306,11.289794413577894
43.30048909557575,-16.277351059023808,11.289794413577894
54.802733359078005,-9.776413576487913,11.91170829631447
-12.297147650481255,-6.737582415460762,12.100717685412471
43.25330968322866,-16.093864641874465,12.069685751267224
56.715598016683266,-8.814117284802485,11.669082701743504
43.64319433415541,27.06259234011533,11.870606902224587
35.50742108147326,-20.380753545789123,11.728044909070785
22.95845764785438,-17.202901087717052,11.917730355182513
4.572296128484385,23.886101009728375,12.345838935721968
26.007754944871177,38.86312991433644,11.699413330633599
3.79588105470785,5.664234937385468,12.215037342290755
-13.136326092140449,14.268093496787879,12.292254928916668
-1.1448753837869903,15.195161545881604,12.100161978566867
-42.7368952603817,3.227808787667897,12.345838935721968
-42.48703026549148,3.467688966254114,12.367889578686164
2.673988188833441,-10.960957131360967,12.128116509451258
-2.62834746631131,-9.166813066202307,11.891368749982085
4.997621882343297,26.484209978523342,12.319405795112926
10.97594333355223,-13.514686078151172,11.767575435251748
9.653701299255228,-13.223278805377536,11.59873612138334
-2.848751766079763,-9.373047769673185,12.175618592671356
-44.763335396896586,3.390960202644458,12.359527368950229
-43.50597173646031,3.0540038551878634,12.41044511731981
-32.44177899028572,-0.2062375024630038,12.06105265381003
31.491013934453367,18.314857806623863,12.367345048436391
-26.746573046870065,-1.368426587081414,13.345508528717259
-1.221031562180798,-9.885426386981873,12.049424683420915
24.503964323986164,-17.54890416910647,12.001511614739405
-40.910008168573135,3.406505792590302,12.05467400868968
18.192705717735024,20.18696218333094,12.208574513247495
51.180903957012646,-11.923163575681818,12.384223015005313
-25.617325318986598,3.500544724848793,12.560247968016562
-11.149449043093583,-6.217444410384228,11.691080018519527
31.129242369922782,38.34994365992016,11.652696102959753
60.882470544302485,-6.34759270793914,11.950541482162043
30.267045365847892,-18.830335182502935,11.440365524765756
-19.24675989693872,-3.4500648450576357,12.429220196836383
-43.686108935206825,2.7543953123583043,12.880294363972055
-27.377994477204673,-1.6796326918193076,13.521140839642674
61.551008163884056,-6.414642655662281,11.695255355062795
17.49300433906477,-15.545386195383571,12.137263685701864
58.352935618345406,-8.153722233712557,11.560772327227417
69.67742574415686,20.67490028040493,11.461642696843066
-24.77351190457653,-1.8707715713494746,12.476103599529843
-35.35689929691916,0.8639050949977753,12.180759965737863
-31.030631446945687,-0.3044590955936427,12.149507585033072
13.513554365633997,-4.125330266258964,12.031725210748633
-31.668841967461923,0.4516183896762744,12.066816325306588
36.743433185052396,30.30901200076886,11.736077016252437
-31.384656193098913,-0.9364328419571477,12.013706813470414
9.347625775462342,-12.913688312172459,11.970356641102999
-39.19126778123988,2.1518225010249648,12.07824495582233
-40.58747773772065,2.5895864758075375,12.29779001527865
65.38034218073103,-3.96307078694044,11.87757552297847
-33.75795112763724,0.2690106884520716,12.08954444723597
10.037427234732284,-1.485833127629109,11.904974309480183
8.509473829336567,-12.457593353852086,11.6617850286409
-29.772873015066796,-0.6397093260065577,12.19552218463499
35.321305459313564,33.01499192198322,11.669937760751914
-33.154677519516895,0.6751552340259227,12.269052139516223
1.367617388130379,-10.614745111351027,11.941462360646149
-19.69697406632292,-3.787465819644069,12.513193308436527
13.833662094012745,-14.371808232286275,11.580593459194764
-36.776937780528804,0.7548475818782371,12.206077645517674
10.780071515965263,-0.1504170685418482,11.849404844423074
-41.04297466438975,1.9409699626550043,12.577639650232573
-21.656650496146774,-3.076735138568232,12.149507585033072
-24.317203511849648,9.911326164833493,12.00762780434872
43.280586942655,-16.456586785657144,11.635151947212842
-2.03726337242556,16.873891459595047,11.884495917930655
18.947619667541833,-15.935255656448712,11.80932691294063
13.856890740413334,-14.324452553205278,11.736077016252437
-2.2471560823435186,-9.13033584796143,11.626263078808801
-44.93726940701411,3.1952454444431178,12.343470927093518
38.34890529093923,-18.96888819793479,11.296024885689746
6.972940358160508,-11.821007170029878,11.424105180165641
16.611053762501914,-15.256302400430771,11.652696102959753
10.946457727221556,-13.47198885928465,11.80560254159177
36.08272212346786,-20.01645962260697,11.870606902224587
33.88030249726955,-20.430273935132597,11.834291315386718
-38.477235413642624,2.3629882860427283,12.122696471358964
24.22755995686152,-17.544409684037035,11.884495917930655
-42.0388279164519,2.8929112612080345,12.273735966890268
-5.626267633526473,22.997635308788,11.898194668458823
-43.605314146359795,2.68605382822657,12.813920618864572
21.867711781179395,-16.77595494168591,11.751950239425476
-1.2832080753721917,-9.422450913013346,12.154784614286667
18.97235575812476,-16.107274585200592,11.794345471549745
19.39359247505038,-15.897365169807658,11.530775206233024
23.00708544860581,-17.237110101698626,11.863589378812122
69.74872529754356,-1.6765009379944444,11.775297421715827
66.84171846234067,-3.089189416131469,11.841423131921784
-36.510623537262774,1.2205116898916435,12.075400019877522
-38.34944066485428,2.6790779370947453,12.180759965737863
-38.947661942278145,1.8210514935255007,11.86710429621008
-40.86964422032603,2.012472120765372,12.490879338036375
-36.68289630559572,0.9484084938808829,12.323415584358154
-41.85260309477524,2.7069034590200505,12.42250975887691
2.675472496597949,-11.288388026036026,12.04355959836804
-40.93602828891213,2.136986955194836,13.049794835104816
53.75389585902145,-10.233907246702806,12.345838935721968
-19.96109504731418,10.256890519719688,12.08954444723597
-39.57023670818291,3.0227679607280327,12.136191879981927
0.04634171233938921,-10.451747023124339,12.042971193457888
64.44159461589103,-4.6477956779902145,11.771443882099637
35.34672234613989,-20.831823737476373,11.686887175419702
10.885215140073184,-13.48064744848109,12.404927602627597
-36.72856183667951,1.0021704406424945,12.053801032483948
11.047453464999299,-13.558982987677966,11.775297421715827
-10.957432043518274,14.699296776873165,12.591338447675579
-37.16453816468547,2.185844581023552,12.016128107502665
52.17670691535752,-11.522584109124521,11.755879486687116
-24.768336793289475,-2.9663665235471677,12.616528611893463
59.918972087519094,-7.043851516354277,11.511934974596555
-39.44249766285832,1.480250547345679,12.154784614286667
9.552165521618559,-13.166800567142339,11.92504173829169
-30.98983259262584,-0.2957789262767899,12.10625783509458
27.321973672342384,-18.300385046184505,11.766799946849087
10.780374798381917,10.731344126066334,11.992266613576142
62.75678872680658,-5.411727683415835,12.103491596905931
-30.32876127796976,-0.26605251024754367,12.10625783509458
-31.206761208598564,-0.6821584745704669,12.12215284831553
70.75220375981654,-1.227064488273599,11.711784520403112
-43.92672566319168,4.071753492768401,12.843973993864076
25.77023636817282,27.995808002311225,12.850557278777309
24.502688974940057,-17.48811457442621,11.87757552297847
-3.9960576662358975,-8.881165917967914,12.468440756144114
11.092484699391116,-13.21146056583702,12.132162346145595
14.92871308062939,-15.004281272834117,11.827743504053695
0.7799488549186798,23.993981870134604,12.083910661257521
45.43976847022068,45.38757896840572,11.842236406331555
37.00195451882795,-19.62120055191118,11.827743504053695
5.404101894063637,-11.614240326187808,11.995357787034976
7.781522298564712,-6.125488835810596,12.19552218463499
-35.21992319715487,0.6990154048889914,12.37581963951765
61.948832347334786,-6.029809654491258,11.133142723386813
-35.37253864311029,0.29332043118685525,12.33270970174018
-19.013668749308117,-4.751540282560329,12.100717685412471
-15.728265134275217,17.298487959051617,11.921725007667265
7.138388096483891,-11.67712342493563,11.842236406331555
43.67560628009317,29.74682274497001,12.037659911047468
45.04275901034674,-14.945465055376387,11.794345471549745
17.53540034115793,-15.730867087360858,11.870606902224587
15.945294063071492,-15.06112160640284,12.154784614286667
-32.66777702789608,-0.34869087278500194,12.535379989788607
-40.88633112965083,2.480657168169448,12.546113507028412
16.17779017270219,-15.246503752044813,12.103491596905931
5.4427210976377,-11.750551799938936,11.691080018519527
79.20181168930675,20.42677524334537,11.58525542883217
0.12253034495423318,-9.95196387460227,12.000897933306716
12.17042861427888,12.015311296012518,11.652696102959753
10.738904505886346,-13.662508566320692,11.83863282480007
17.513719093094473,-15.519510368625832,11.951186847493476
-39.70879369363239,2.250607359905457,11.849404844423074
-43.841810975965224,3.028286287388466,11.982935344196433
6.564830159792354,13.575815975381316,11.944714374881176
-31.200643989681915,-0.7460215051536565,12.323860125621126
42.3772176042184,-16.704048956081785,12.086731521684555
-24.742561156021083,-2.641009705961702,12.577639650232573
-39.45754336059358,1.81199881094686,12.354496960983985
-37.85168198804589,1.639433755481839,11.775297421715827
-41.54607061723246,2.8355243409523387,12.691583538230217
-39.90125774867618,2.7032596814730465,12.218500103788143
-24.771263547350994,-2.0190810968331507,11.835016210489899
11.032539833083161,28.539492086995967,11.898194668458823
-20.46912892475657,-4.2391940725336035,12.09626335986454
2.72275718219192,20.7371600614626,12.721888795877375
-40.48812453871368,3.3168034589742086,12.220966184120165
-19.264017295833444,-4.243868614592136,12.618185607609803
-31.406262994132078,-0.31518734150832883,12.716405147731708
29.915109491535922,-19.043870314769887,11.686887175419702
9.539246180899088,-12.89418094485268,12.239995696974733
-43.609595231163816,3.0447849722859264,12.596403811053621
-41.04688950894083,3.2144937864091054,12.249615734512616
-34.59529749661933,1.0833421400654728,12.524530013005734
29.777296952671605,-19.26713734780554,11.6172944892629
25.78732088435661,-17.94276131693279,11.960817678718287
36.51217377801538,-20.283346114620304,11.19135563385109
-21.782884884221247,-3.393942137427373,12.154784614286667
44.17983996627819,-15.896750412835372,11.320565693461432
-41.249743426602606,3.061306616686994,11.898194668458823
60.29755277199558,-7.065748840185523,10.915106645867503
25.88686646099705,37.563458304997596,11.277215789596893
-20.19756082513353,15.019565809234807,11.779136168550774
61.50664823741361,-6.076822367215159,12.45293662970407
-29.609457622758324,-0.7777203811547662,12.081081821061819
-40.83705269673967,2.2247491354236058,12.33270970174018
0.22731636675858122,-10.301603850308602,11.794345471549745
42.11877190128532,-8.090342206475258,11.51293546492023
24.750323554453036,25.127262361496012,11.74006900564972
8.220902017921205,-12.646322457585242,11.736077016252437
-1.4375997823604343,-10.049494090705734,12.031129798974042
4.084597462570362,-11.337194150934033,11.813037464800539
43.43165855884252,-16.112692905463174,10.868587496017359
-35.3142366844101,0.7080204390710955,12.206077645517674
5.628868481302414,-11.76493646921238,11.763691965388299
7.188756613670442,-12.093120825701394,11.719947764402807
-36.94024571118865,1.672167229863899,11.951186847493476
-35.39133534423045,0.8987570017315952,12.339295865674435
54.80864427547719,-9.82836795152694,12.083910661257521
-40.37766720392799,2.4713741987077587,11.95655945119582
61.852650976822694,-6.4832429752595715,11.59451466851004
-5.647845483586317,17.25559596281366,12.47801017053037
-41.20741112631805,2.845190314659859,12.554840409959793
-29.911744408318448,-1.2160280483209285,12.278397958261774
86.34974699712642,49.23454824662023,11.711784520403112
9.583783865171688,-12.97007073741592,12.206077645517674
18.81620375805972,-15.6047977155845,12.049424683420915
23.179220827598403,29.797438069490784,11.812296455066814
-26.61281373336047,-1.3228224293459097,12.923914877701906
-32.527678777329946,-0.15569432220490884,12.367345048436391
-0.5362288385768514,8.025941827298567,12.04355959836804
13.713668533539362,-14.405351417535456,11.608244735642321
-10.598738899624184,20.239981503113082,11.917730355182513
-32.525346306971535,-0.269328762632949,12.086731521684555
-38.759789120389335,2.059592510812555,12.660331092405906
38.18009598335756,35.85559270878636,12.149507585033072
-39.551163075562,1.5379189905693647,12.468440756144114
34.75844488861866,44.000221822987534,11.560772327227417
-40.91312909941596,3.411129093722121,11.963574241653713
-39.07154579020271,2.15960152416864,11.878630514504515
-32.45893930984752,-0.12949233927523848,12.283038316285214
-31.304702592125462,-0.6722700288087158,12.170450649220749
-1.311184322021575,-9.581996719883279,11.751950239425476
-37.144299120241755,1.531320830053978,11.87757552297847
-36.761937624716616,0.6428208196415619,12.354496960983985
61.83843511805668,-6.239043843818992,11.561725152903833
9.120058703375424,17.237010143002824,12.016732516077072
-29.90622529217942,-0.9115244114911462,12.521981322562505
-34.863818504685476,0.8442409824381321,13.05301544288996
-39.26383445402417,2.228670013092952,12.429220196836383
-42.15779591982728,2.649251703584312,12.384223015005313
52.83617763122964,-11.196568901079926,11.418625774449596
38.46942633853987,-7.4054571424255515,11.669937760751914
4.091204726745501,-11.390014942772147,11.326607934898927
-40.80196121307981,3.3217033632427726,12.02874460037869
67.2437245210132,-3.623586301747692,10.97679912709094
8.125722233520573,-12.601199898404497,12.377927112974284
61.71612305136203,-5.808634975809896,11.964007453736912
36.65116712894908,44.83030290689476,11.626263078808801
45.15157291292701,-15.27395180226239,11.561725152903833
32.934080973120956,42.77988486819416,11.74006900564972
-2.773303891438319,-9.370688226660226,12.429220196836383
65.22889553922556,-4.378274998703263,11.820417517632333
-41.510126643390784,2.849451473578494,12.84132849667433
43.25347401313669,-16.214844390179245,11.782960235741939
-32.78762872878173,-0.5324359911673215,12.367345048436391
12.417399352920054,-13.62045403354957,11.728044909070785
12.178589325959964,-13.933053891158536,11.719947764402807
51.252878937752044,45.15514661681784,12.001511614739405
-40.845743201084964,1.9498099407433755,12.415437707935368
-39.93503973952716,2.978724671693965,12.546871224308068
37.27904051964771,-19.910661738137303,11.982935344196433
36.3001762910338,41.547244256037494,11.83138646878959
20.4646487124403,7.712466335119787,11.835016210489899
38.15563215706982,26.594533383875277,11.831022768939789
54.07868794807324,-10.288628731329483,11.695255355062795
-37.92607155745204,1.4479993549480417,12.170450649220749
-40.62099520717383,2.3460352862006015,12.174994689959313
-42.29566045754996,2.389275338759513,12.552930054797935
66.30428601736313,-3.6263605046317386,11.561725152903833
-38.72116756589277,2.0154449883998855,12.524530013005734
-10.97429044619911,18.825951905345963,11.798111925972618
-11.86507785911649,-6.559355510782247,11.626263078808801
70.58139593745331,-1.3085037161920063,11.74006900564972
-16.049385513246268,-1.2971492236221378,12.278397958261774
-33.795278543740366,0.25720491623688535,12.345838935721968
9.323328908998477,27.855313233138727,11.849404844423074
36.42266759828661,-20.19873543449532,11.407576060361786
-40.08601905983617,2.4208657188563434,12.456835254920371
35.55974312715776,36.4726593830751,12.240478903153711
-42.227063805690804,2.2816703935799065,12.077676615757813
92.66368188001977,10.617596678529326,11.715874472198905
-30.062920279628646,-1.0878252761171796,12.73670383776449
17.819670582120374,-15.516880157935658,11.728044909070785
9.447949585397774,-13.047286121158592,12.314931534737134
10.707752339358363,-13.351532423059767,12.100161978566867
-1.257698583279041,-9.84584015803479,11.755879486687116
-36.67036225475869,0.6533195764632463,11.824087219587643
13.527115852756339,-13.69264397670318,12.524420916542532
12.585556443223833,4.332778042362565,11.87757552297847
22.957058208860133,-16.89682461934464,11.863589378812122
-24.73968471832217,-2.6909457570504944,12.509877789891931
39.864909793111345,-18.26546804171678,11.849404844423074
24.2793748470747,20.736401149810845,11.686887175419702
-6.75919212808868,-8.24446699904597,12.116700301832573
-39.15874637831207,2.180207012506556,12.165984756488543
0.1245590128814905,-10.339541962283123,11.87583791515714
28.81308949667879,40.37273155284297,11.07443600653965
-32.42921504047373,-0.09599983498198565,12.136191879981927
-1.4062529058536675,-9.791640009479416,11.982935344196433
-1.339359072545579,21.980196336853275,12.066816325306588
7.085350981944802,-12.390470473855476,11.699413330633599
-43.6134569271281,2.7283859541999114,12.885673487343764
7.496152548762176,16.41201411080426,11.916395250412128
-3.9034210880803952,-8.839116273642071,12.190964083849375
38.95307440758062,31.7779861701868,12.160033942617156
-38.020124270362295,1.044973744089772,11.913719681428494
-43.704420461429706,3.095263619976436,12.644330802262578
65.19521194268977,-4.286158519310866,11.703554089007538
-38.06921600620146,1.4242810082317678,12.098493002763465
13.961293162022475,-14.278733280172794,11.767575435251748
18.815819441209705,-15.947780342334067,11.969723533345908
-26.405720930932326,-1.4557665496072716,12.388398368982115
46.72336341287199,42.64253106439743,11.626263078808801
8.399698324453329,-12.562542600047436,11.429554725537322
2.9828580354294068,-10.425023913200647,11.820417517632333
-43.84840814913656,3.885495390057127,12.567554517655415
-39.178242779733424,1.3514038105217812,11.884495917930655
-40.36885602338721,2.3760899113628,11.344518647594766
-38.3665725709658,2.1258664622075947,12.128116509451258
-31.43492617354109,0.5608614659895296,12.07254696717504
-7.512645312846805,-0.8568875842510015,12.25486757159303
16.604252107868586,33.10020151246442,12.493133274926212
13.686173455615656,19.64599939223135,11.864469267087891
14.85177725107372,-14.690723904467939,11.901590234400047
