OverallQual,MSSubClass_150,Heating_Grav,RoofMatl_ClyTile,Heating_GasW,Heating_GasA,RoofMatl_WdShngl,Heating_Wall,Heating_OthW,Heating_Floor,MSZoning_C (all),GrLivArea,RoofMatl_Membran,RoofMatl_Metal,RoofMatl_Tar&Grv,SalePrice
7,0,0,0,0,1,0,0,0,0,0,7.444833273892193,0,0,0,12.24769911637256
6,0,0,0,0,1,0,0,0,0,0,7.141245122350491,0,0,0,12.109016442313738
7,0,0,0,0,1,0,0,0,0,0,7.488293515159428,0,0,0,12.317171167298682
7,0,0,0,0,1,0,0,0,0,0,7.4489161025442,0,0,0,11.849404844423074
8,0,0,0,0,1,0,0,0,0,0,7.695757990554761,0,0,0,12.429220196836383
5,0,0,0,0,1,0,0,0,0,0,7.217443431696533,0,0,0,11.870606902224587
8,0,0,0,0,1,0,0,0,0,0,7.43543801981455,0,0,0,12.634606283893019
7,0,0,0,0,1,0,0,0,0,0,7.645397699428633,0,0,0,12.206077645517674
7,0,0,0,0,1,0,0,0,0,0,7.4815557019095165,0,0,0,11.774527900858468
5,0,0,0,0,1,0,0,0,0,0,6.982862751468942,0,0,0,11.678448377988165
5,0,0,0,0,1,0,0,0,0,0,6.947937068614969,0,0,0,11.771443882099637
9,0,0,0,0,1,0,0,0,0,0,7.751475318021456,0,0,0,12.75130259456002
5,0,0,0,0,1,0,0,0,0,0,6.816735880594968,0,0,0,11.87757552297847
7,0,0,0,0,1,0,0,0,0,0,7.3098814858247865,0,0,0,12.540761149388421
6,0,0,0,0,1,0,0,0,0,0,7.134093721192866,0,0,0,11.964007453736912
7,0,0,0,0,1,0,0,0,0,0,6.75110146893676,0,0,0,11.790564777297387
6,0,0,0,0,1,0,0,0,0,0,6.912742820493176,0,0,0,11.91170829631447
4,0,0,0,0,1,0,0,0,0,0,7.167809184316444,0,0,0,11.407576060361786
5,0,0,0,0,1,0,0,0,0,0,7.016609683894219,0,0,0,11.976665770490767
5,0,0,0,0,1,0,0,0,0,0,7.200424892944957,0,0,0,11.842236406331555
8,0,0,0,0,1,0,0,0,0,0,7.773594467360194,0,0,0,12.692506186542177
7,0,0,0,0,1,0,0,0,0,0,7.011213987350367,0,0,0,11.845109950883979
8,0,0,0,0,1,0,0,0,0,0,7.493317248862145,0,0,0,12.345838935721968
5,0,0,0,0,1,0,0,0,0,0,6.966967138613983,0,0,0,11.774527900858468
5,0,0,0,0,1,0,0,0,0,0,6.966967138613983,0,0,0,11.944714374881176
8,0,0,0,0,1,0,0,0,0,0,7.3783837129967145,0,0,0,12.454107814022272
5,0,0,0,0,1,0,0,0,0,0,6.803505257608338,0,0,0,11.811554895830454
8,0,0,0,0,1,0,0,0,0,0,7.4413203897176174,0,0,0,12.631343648903034
5,0,0,0,0,1,0,0,0,0,0,7.3783837129967145,0,0,0,12.242891437918386
4,0,0,0,0,1,0,0,0,0,0,6.255750041753367,0,0,0,11.134603622683905
4,0,0,0,0,1,0,0,0,0,1,7.183870715062453,0,0,0,10.596659732783579
5,0,0,0,0,1,0,0,0,0,0,7.113956109566034,0,0,0,11.914054519303125
8,0,0,0,0,1,0,0,0,0,0,7.118826249062078,0,0,0,12.100161978566867
5,0,0,0,0,1,0,0,0,0,0,7.438971592395862,0,0,0,12.016732516077072
9,0,0,0,0,1,0,0,0,0,0,7.3537223303996315,0,0,0,12.533579815765737
8,0,0,0,0,1,0,0,0,0,0,7.8050670442584895,0,0,0,12.6410997921206
5,0,0,0,0,1,0,0,0,0,0,7.001245622069476,0,0,0,11.884495917930655
5,0,0,0,0,1,0,0,0,0,0,7.168579897264035,0,0,0,11.938199736300925
5,0,0,0,0,1,0,0,0,0,0,6.964135612418245,0,0,0,11.599112335481124
4,0,0,0,0,1,0,0,0,0,0,7.050122520269059,0,0,0,11.314486721293981
6,0,0,0,0,1,0,0,0,0,0,7.1891677384203225,0,0,0,11.982935344196433
5,0,0,0,0,1,0,0,0,0,0,7.192182058713246,0,0,0,12.04355959836804
5,0,0,0,0,1,0,0,0,0,0,6.785587645007929,0,0,0,11.87757552297847
5,0,0,0,0,1,0,0,0,0,0,6.844815479208263,0,0,0,11.777218637129327
5,0,0,0,0,1,0,0,0,0,0,7.048386408721883,0,0,0,11.856522261533737
9,0,0,0,0,1,0,0,0,0,0,7.469083884921234,0,0,0,12.675766851909591
7,0,0,0,0,1,0,0,0,0,0,7.673223121121708,0,0,0,12.387089184491993
8,0,0,0,0,1,0,0,0,0,0,7.4127640174265625,0,0,0,12.428019481065613
4,0,0,0,0,1,0,0,0,0,0,7.2813856635702825,0,0,0,11.635151947212842
5,0,0,0,0,1,0,0,0,0,0,6.862757913051401,0,0,0,11.751950239425476
6,0,0,0,0,1,0,0,0,0,0,7.293697720601438,0,0,0,12.083910661257521
6,0,0,0,0,1,0,0,0,0,0,7.0707241072602764,0,0,0,11.648338835562747
5,0,0,0,0,1,0,0,0,0,0,6.705639094860003,0,0,0,11.608244735642321
9,0,0,0,0,1,1,0,0,0,0,7.519149957669823,0,0,0,12.861001210669146
5,0,0,0,0,1,0,0,0,0,0,7.215975002651466,0,0,0,11.775297421715827
6,0,0,0,0,1,0,0,0,0,0,7.262628600974241,0,0,0,12.103491596905931
8,0,0,0,0,1,0,0,0,0,0,7.461640392208575,0,0,0,12.058158312538197
7,0,0,0,0,1,0,0,0,0,0,7.450660796211539,0,0,0,12.188422799337028
10,0,0,0,0,1,0,0,0,0,0,7.988203597022576,0,0,0,12.991755706536901
5,0,0,0,0,1,0,0,0,0,0,6.660575149839686,0,0,0,11.735276702486741
6,0,0,0,0,1,0,0,0,0,0,7.055312843339752,0,0,0,11.970356641102999
5,0,0,0,0,1,0,0,0,0,0,7.013915474810528,0,0,0,11.522885696764481
8,0,0,0,0,1,0,0,0,0,0,7.223295679562314,0,0,0,12.218500103788143
7,0,0,0,0,1,0,0,0,0,0,7.444833273892193,0,0,0,11.849404844423074
7,0,0,0,0,1,0,0,0,0,0,7.618251097876695,0,0,0,12.299112067295642
8,0,0,0,0,1,0,0,0,0,0,7.813591552952433,0,0,0,12.666660207428574
7,0,0,0,0,1,0,0,0,0,0,7.699842407396986,0,0,0,12.100717685412471
7,0,0,0,0,1,0,0,0,0,0,7.299797366758161,0,0,0,12.328294703023394
4,0,0,0,0,1,0,0,0,0,0,6.617402977974478,0,0,0,11.289794413577894
7,0,0,0,1,0,0,0,0,0,0,7.7354333524996886,0,0,0,12.323860125621126
7,0,0,0,0,1,0,0,0,0,0,7.707062655370473,0,0,0,12.404927602627597
4,0,0,0,0,1,0,0,0,0,0,6.740519359606223,0,0,0,11.771443882099637
7,0,0,0,0,1,0,0,0,0,0,7.449498005382849,0,0,0,12.128116509451258
5,0,0,0,0,1,0,0,0,0,0,6.99117688712121,0,0,0,11.88380602959621
3,0,0,0,0,1,0,0,0,0,0,7.381501894506707,0,0,0,11.58432477200052
4,0,0,0,0,1,0,0,0,0,0,6.8966943316227125,0,0,0,11.418625774449596
4,0,0,0,0,1,0,0,0,0,0,6.859614903654202,0,0,0,11.818577604251555
5,0,0,0,0,1,0,0,0,0,0,7.1592919047975645,0,0,0,11.751950239425476
4,0,0,0,0,1,0,0,0,0,0,7.478169694159785,0,0,0,11.824087219587643
5,0,0,0,0,1,0,0,0,0,0,7.115582126184454,0,0,0,11.608244735642321
6,0,0,0,0,1,0,0,0,0,0,7.669961995473577,0,0,0,12.173037959397275
6,0,0,0,0,1,0,0,0,0,0,7.198931240688173,0,0,0,11.941462360646149
8,0,0,0,0,1,0,0,0,0,0,7.355001921105257,0,0,0,12.409017571151187
5,0,0,0,0,1,0,0,0,0,0,6.97166860472579,0,0,0,11.748005492256807
7,0,0,0,0,1,0,0,0,0,0,7.29641326877392,0,0,0,12.034696963475044
8,0,0,0,0,1,0,0,0,0,0,7.790696031174738,0,0,0,12.468440756144114
6,0,0,0,0,1,0,0,0,0,0,7.353081920515432,0,0,0,12.066816325306588
6,0,0,0,0,1,0,0,0,0,0,7.110696122978827,0,0,0,12.010671928196443
3,0,0,0,0,1,0,0,0,0,1,7.3310603052186325,0,0,0,11.350418300109132
4,0,0,0,0,1,0,0,0,0,0,6.898714534329988,0,0,0,11.724813914587886
4,0,0,0,0,1,0,0,0,0,0,6.947937068614969,0,0,0,11.60733523953139
5,0,0,0,0,1,0,0,0,0,0,7.119635638017636,0,0,0,11.498836682527127
5,0,0,0,0,1,0,0,0,0,0,6.872128101338986,0,0,0,12.004574385508691
6,0,0,0,1,0,0,0,0,0,1,7.73718007783463,0,0,0,11.804855999911272
6,0,0,0,0,1,0,0,0,0,0,7.488293515159428,0,0,0,12.229549885708273
6,0,0,0,0,1,0,0,0,0,0,7.293697720601438,0,0,0,12.128116509451258
7,0,0,0,0,1,0,0,0,0,0,7.370860166536716,0,0,0,12.273735966890268
4,0,0,0,0,1,0,0,0,0,0,6.8679744089702925,0,0,0,11.459007676978688
5,0,0,0,0,1,0,0,0,0,0,6.728628613084702,0,0,0,11.326607934898927
4,0,0,0,0,1,0,0,0,0,0,7.111512116496157,0,0,0,11.767187766223199
6,0,0,0,0,1,0,0,0,0,0,7.384610383176974,0,0,0,12.230770136157428
6,0,0,0,0,1,0,0,0,0,0,7.457609289715606,0,0,0,12.08954444723597
5,0,0,0,0,1,0,0,0,0,0,7.336936913707618,0,0,0,11.68658461118553
7,0,0,0,0,1,0,0,0,0,0,7.112327444710911,0,0,0,12.200562492481511
7,0,0,0,0,1,0,0,0,0,0,7.506042178518122,0,0,0,12.040614105490253
8,0,0,0,0,1,0,0,0,0,0,7.597396320212795,0,0,0,12.429220196836383
4,0,0,0,0,1,0,0,0,0,0,6.954638864880987,0,0,0,11.51293546492023
5,0,0,0,0,1,0,0,0,0,0,6.672032945461067,0,0,0,11.652696102959753
5,0,0,0,1,0,0,0,0,0,0,7.325148957955575,0,0,0,11.652696102959753
6,0,0,0,0,1,0,0,0,0,0,7.520234556474628,0,0,0,12.154784614286667
6,0,0,0,0,1,0,0,0,0,0,7.526178913346146,0,0,0,11.827013315851762
7,0,0,0,0,1,0,0,0,0,0,7.266128779556451,0,0,0,12.100717685412471
7,0,0,0,0,1,0,0,0,0,0,7.89989532313973,0,0,0,12.85832230788469
6,0,0,0,0,1,0,0,0,0,0,7.723120092266331,0,0,0,12.28765724080691
6,0,0,0,0,1,0,0,0,0,0,7.749753406274437,0,0,0,12.466515835145202
6,0,0,0,0,1,0,0,0,0,0,7.285506548522785,0,0,0,12.07824495582233
5,0,0,0,0,1,0,0,0,0,0,6.996681488176539,0,0,0,11.842236406331555
5,0,0,0,0,1,0,0,0,0,0,7.026426808699636,0,0,0,11.951186847493476
7,0,0,0,0,1,0,0,0,0,0,8.078067881815437,0,0,0,12.676079399771027
6,0,0,0,0,1,0,0,0,0,0,7.284134806195205,0,0,0,12.0075668272517
6,0,0,0,0,1,0,0,0,0,0,6.8966943316227125,0,1,0,12.100717685412471
4,0,0,0,0,1,0,0,0,0,0,7.024649030453636,0,0,0,11.51293546492023
6,0,0,0,0,1,0,0,0,0,0,6.985641817639208,0,0,0,11.820417517632333
6,0,0,0,0,1,0,0,0,0,0,7.090076835776092,0,0,0,11.944064817531656
6,0,0,0,0,1,0,0,0,0,0,7.369600720526409,0,0,0,12.10625783509458
6,0,0,0,0,1,0,0,0,0,0,6.626717749249025,0,0,0,11.344518647594766
6,0,0,0,0,1,0,0,0,0,0,6.8658910748834385,0,0,0,11.759793355371237
5,0,0,0,0,1,0,0,0,0,0,6.734591659972948,0,0,0,11.373674891823535
6,0,0,0,0,1,0,0,0,0,0,7.207118856207756,0,0,0,11.951186847493476
5,0,0,0,0,1,0,0,0,0,0,6.960347729101308,0,0,0,11.918397239722838
7,0,0,0,0,1,0,0,0,0,0,7.67693714581808,0,0,0,12.328294703023394
6,0,0,0,0,1,0,0,0,0,0,7.628031126930335,0,0,0,12.404927602627597
5,0,0,0,0,1,0,0,0,0,0,7.191429330036379,0,0,0,11.923384748066601
8,0,0,0,0,1,0,0,0,0,0,7.167809184316444,0,0,0,12.301387370778713
5,0,0,0,0,1,0,0,0,0,0,7.451241684987676,0,0,0,12.100717685412471
7,0,0,0,0,1,0,0,0,0,0,7.428333194190806,0,0,0,12.066816325306588
5,0,0,0,0,1,0,0,0,0,0,7.102499355774649,0,0,0,11.870606902224587
7,0,0,0,0,1,0,0,0,0,0,7.580699752224563,0,0,0,12.049424683420915
8,0,0,0,0,1,0,0,0,0,0,7.52456122628536,0,0,0,12.345838935721968
6,0,0,0,0,1,0,0,0,0,0,7.475905969367397,0,0,0,12.352339472153524
4,0,0,0,0,1,0,0,0,0,0,6.762729506931879,0,0,0,11.652696102959753
7,0,0,0,0,1,0,0,0,0,0,7.45876269238096,0,0,0,12.468440756144114
5,0,0,0,0,1,0,0,0,0,0,7.234177179749849,0,0,0,12.019749091416921
7,0,0,0,0,1,0,0,0,0,0,7.31455283232408,0,0,0,12.225880174775122
5,0,0,0,0,1,0,0,0,0,0,7.455298485683291,0,0,0,11.736077016252437
6,0,0,0,0,1,0,0,0,0,0,7.444248649496705,0,0,0,11.775297421715827
5,0,0,0,0,1,0,0,0,0,0,6.775366090936392,0,0,0,11.561725152903833
7,0,0,0,0,1,0,0,0,0,0,7.618742377670413,0,0,0,12.312686874960354
7,0,0,0,0,1,0,0,0,0,0,6.985641817639208,0,0,0,11.856522261533737
5,0,0,0,0,1,0,0,0,0,0,7.20414929203594,0,0,0,11.652696102959753
5,0,0,0,0,1,0,0,0,0,0,6.877296071497429,0,0,0,11.711784520403112
8,0,0,0,0,1,0,0,0,0,0,7.444833273892193,0,0,0,12.827731880206521
6,0,0,0,0,1,0,0,0,0,0,7.597897950521784,0,0,0,12.154784614286667
6,0,0,0,0,1,0,0,0,0,0,7.133295954896068,0,0,0,12.367345048436391
6,0,0,0,0,1,0,0,0,0,0,7.0909098220799835,0,0,0,11.736077016252437
6,0,1,0,0,0,0,0,0,0,0,7.00033446027523,0,0,0,11.277215789596893
5,0,0,0,0,1,0,0,0,0,0,6.947937068614969,0,0,0,11.603688960617083
8,0,0,0,0,1,0,0,0,0,0,7.585281078639126,0,0,0,12.504327379899443
7,0,0,0,0,1,0,0,0,0,0,7.5745584842024805,0,0,0,12.448630513463613
7,0,0,0,0,1,0,0,0,0,0,7.809135398120538,0,0,0,12.676079399771027
6,0,0,0,0,1,0,0,0,0,0,7.117205503164344,0,0,0,11.998439434579149
9,0,0,0,0,1,0,0,0,0,0,7.889459149404524,0,0,0,12.929993908996359
7,0,0,0,0,1,0,0,0,0,0,7.340835554123275,0,0,0,12.301387370778713
4,0,0,0,0,1,0,0,0,0,0,6.78332520060396,0,0,0,11.544433821905134
6,0,0,0,0,1,0,0,0,0,0,7.388327859577107,0,0,0,11.931642378754141
5,0,0,0,0,1,0,0,0,0,0,7.212294468500341,0,0,0,11.755879486687116
5,0,0,0,0,1,0,0,0,0,0,7.532623618788788,0,0,0,12.154784614286667
8,0,0,0,0,1,0,0,0,0,0,7.6787889981991535,0,0,0,12.693501691489768
7,0,0,0,0,1,0,0,0,0,0,7.450660796211539,0,0,0,12.119975396053194
8,0,0,0,0,1,0,0,0,0,0,7.443078374348516,0,0,0,12.337105293891872
5,0,0,0,0,1,0,0,0,0,0,7.232010331664759,0,0,0,11.763691965388299
6,0,0,0,0,1,0,0,0,0,0,7.4127640174265625,0,0,0,12.278397958261774
7,0,0,0,0,1,0,0,0,0,0,7.477604243197589,0,0,0,12.384223015005313
6,0,0,0,0,1,0,0,0,0,0,7.217443431696533,0,0,0,12.001511614739405
6,0,0,0,0,1,0,0,0,0,0,7.409741954080923,0,0,0,12.122696471358964
6,0,0,0,0,1,0,0,0,0,0,7.677400430514807,0,0,0,12.400820837540556
6,0,0,0,0,1,0,0,0,0,0,7.630946580890459,0,0,0,12.259618151783465
5,0,0,0,0,1,0,0,0,0,0,7.560601162768557,0,0,0,12.058158312538197
9,0,0,0,0,1,0,0,0,0,0,7.711996507047669,0,0,0,13.126032637428713
5,0,0,0,0,1,0,0,0,0,0,6.876264611890766,0,0,0,11.51293546492023
6,0,0,0,0,1,0,0,0,0,0,7.330405211844402,0,0,0,12.083910661257521
7,0,0,0,0,1,0,0,0,0,0,7.497207223203318,0,0,0,12.206577518060588
5,0,0,0,0,1,0,0,0,0,0,7.201170883281678,0,0,0,11.695255355062795
7,0,0,0,0,1,0,0,0,0,0,7.641564441260972,0,0,0,12.206077645517674
5,0,0,0,0,1,0,0,0,0,0,7.133295954896068,0,0,0,11.751950239425476
10,0,0,0,0,1,1,0,0,0,0,8.19118600464279,0,0,0,13.07107218827772
7,0,0,0,0,1,0,0,0,0,0,7.1049654482698426,0,0,0,12.06105265381003
5,0,0,0,0,1,0,0,0,0,0,7.4127640174265625,0,0,0,11.813037464800539
5,0,0,0,0,1,0,0,0,0,0,7.110696122978827,0,0,0,11.940399914116648
8,0,0,0,0,1,0,0,0,0,0,7.374001859350161,0,0,0,12.563750586299374
8,0,0,0,0,1,0,0,0,0,0,7.911324018963353,0,0,0,12.660331092405906
7,0,0,0,0,1,0,0,0,0,0,7.299797366758161,0,0,0,12.122696471358964
7,0,0,0,0,1,0,0,0,0,0,7.266827347520591,0,0,0,12.165255859329688
7,0,0,0,0,1,0,0,0,0,0,7.444248649496705,0,0,0,11.775297421715827
5,0,0,0,0,1,0,0,0,0,0,6.762729506931879,0,0,0,11.751950239425476
6,0,0,0,0,1,0,0,0,0,0,7.284134806195205,0,0,0,11.908346971208951
7,0,0,0,0,1,0,0,0,0,0,7.454141078146678,0,0,0,12.650351332641707
8,0,0,0,0,1,0,0,0,0,0,8.043342170441608,0,0,0,12.367345048436391
6,0,0,0,0,1,0,0,0,0,0,7.709756864454165,0,0,0,11.552155793461898
8,0,0,0,0,1,0,0,0,0,0,7.446585099157725,0,0,0,12.524166311833152
4,0,0,0,0,1,0,0,0,0,0,7.022868086082641,0,0,0,11.849404844423074
6,0,0,0,0,1,0,0,0,0,0,7.154615356913663,0,0,0,12.052344376474922
6,0,0,0,0,1,0,0,0,0,0,7.1785454837637,0,0,0,11.626263078808801
6,0,0,0,0,1,0,0,0,0,0,6.744059186311348,0,0,0,11.91170829631447
5,0,0,0,0,1,0,0,0,0,0,7.158513997329321,0,0,0,11.608244735642321
7,0,0,0,0,1,0,0,0,0,0,7.274479558773871,0,0,0,12.103491596905931
5,0,0,0,0,1,0,0,0,0,0,7.436617265234227,0,0,0,11.87688084212164
4,0,0,0,0,1,0,0,0,0,0,7.00397413672268,0,0,0,11.856522261533737
7,0,0,0,0,1,0,0,0,0,0,7.631916513071252,0,0,0,12.531776395271262
6,0,0,0,0,1,0,0,0,0,0,6.996681488176539,0,0,0,11.884495917930655
5,0,0,0,0,1,0,0,0,0,0,6.762729506931879,0,0,0,11.49273296168228
6,0,0,0,0,1,0,0,0,0,0,7.10085190894405,0,0,0,12.133507329024972
7,0,0,0,0,1,0,0,0,0,0,7.52456122628536,0,0,0,12.439875187430008
5,0,0,0,0,1,0,0,0,0,0,6.898714534329988,0,0,0,11.957617696467539
6,0,0,0,0,1,0,0,0,0,0,7.239214973779806,0,0,0,11.993813394724253
5,0,0,0,0,1,0,0,0,0,0,7.1204443723924875,0,0,0,11.808955099378537
7,0,0,0,0,1,0,0,0,0,0,7.270312886079025,0,0,0,12.25486757159303
4,0,0,0,0,1,0,0,0,0,0,7.192182058713246,0,0,0,11.580593459194764
7,0,0,0,0,1,0,0,0,0,0,7.578145472419466,0,0,0,12.649157827477366
7,0,0,0,0,1,0,0,0,0,0,7.130098510125578,0,0,0,12.027191164883384
7,0,0,0,0,1,0,0,0,0,0,7.312553498102598,0,0,0,12.230282214644559
6,0,0,0,0,1,0,0,0,0,0,7.7266536648476425,0,0,0,12.206077645517674
6,0,0,0,0,1,0,0,0,0,0,7.347943823148687,0,0,0,12.100161978566867
4,0,0,0,0,1,0,0,0,0,0,6.762729506931879,0,0,0,11.48247656671073
10,0,0,0,0,1,0,0,0,0,0,7.780303087908373,0,0,0,12.864242696187505
5,0,0,0,0,1,0,0,0,0,0,7.172424577124845,0,0,0,11.626263078808801
7,0,0,0,0,1,0,0,0,0,0,7.83241092718792,0,0,0,12.577639650232573
6,0,0,0,0,1,0,0,0,0,0,6.895682697747868,0,0,0,11.571203807011969
5,0,0,0,0,1,0,0,0,0,0,6.816735880594968,0,0,0,11.736077016252437
7,0,0,0,0,1,0,0,0,0,0,7.349873704738337,0,0,0,12.167856627501678
6,0,0,0,0,1,0,0,0,0,0,7.085901464365611,0,0,0,11.904974309480183
8,0,0,0,0,1,0,0,0,0,0,7.9355873855892,0,0,0,12.90669432231532
6,0,0,0,0,1,0,0,0,0,0,6.895682697747868,0,0,0,11.456365695436427
5,0,0,0,0,1,0,0,0,0,0,6.796823718274855,0,0,0,11.761354623750297
6,0,0,0,0,1,0,0,0,0,0,7.581209826196346,0,0,0,12.285350445351659
6,0,0,0,0,1,0,0,0,0,0,6.895682697747868,0,0,0,11.402005077384885
7,0,0,0,0,1,0,0,0,0,0,7.254884810077338,0,0,0,12.130815551850676
7,0,0,0,0,1,0,0,0,0,0,7.4645098346365275,0,0,0,12.178192583415596
8,0,0,0,0,1,0,0,0,0,0,7.43543801981455,0,0,0,12.669809806411457
6,0,0,0,0,1,0,0,0,0,0,7.305188215393037,0,0,0,11.635151947212842
8,0,0,0,0,1,0,0,0,0,0,7.356918242356021,0,0,0,12.47801017053037
5,0,0,0,0,1,0,0,0,0,0,6.7650389767805414,0,0,0,11.612779849672751
5,0,0,0,0,1,0,0,0,0,0,7.273092595999522,0,0,0,11.277215789596893
6,0,0,0,0,1,0,0,0,0,0,7.1049654482698426,0,0,0,11.695255355062795
7,0,0,0,0,1,0,0,0,0,0,7.65491704784832,0,0,0,12.230770136157428
7,0,0,0,0,1,0,0,0,0,0,7.5352967024440884,0,0,0,12.394628892852941
6,0,0,0,0,1,0,0,0,0,0,7.564757012905729,0,0,0,11.827743504053695
6,0,0,0,0,1,0,0,0,0,0,7.226936018493289,0,0,0,11.849404844423074
7,0,0,0,0,1,0,0,0,0,0,7.419979923661835,0,0,0,12.100717685412471
6,0,0,0,0,1,0,0,0,0,0,7.6708948313621175,0,0,0,12.531776395271262
3,0,0,0,0,1,0,0,0,0,0,7.175489713624222,0,0,0,11.245059091624615
8,0,0,0,0,1,0,0,0,0,0,7.3938782901077555,0,0,0,12.367345048436391
6,0,0,0,0,1,0,0,0,0,0,7.403061091090091,0,0,0,12.06105265381003
6,0,0,0,0,1,0,0,0,0,0,7.172424577124845,0,0,0,11.970356641102999
5,0,0,0,0,1,0,0,0,0,0,7.181591944611865,0,0,0,11.884495917930655
7,0,0,0,0,1,0,0,0,0,0,7.73718007783463,0,0,0,12.345838935721968
6,0,0,0,0,1,0,0,0,0,0,7.455298485683291,0,0,0,12.242891437918386
7,0,0,0,0,1,0,0,0,0,0,7.380879035564116,0,0,0,12.301387370778713
7,0,0,0,0,1,0,0,0,0,0,7.491645473605133,0,0,0,12.352339472153524
5,0,0,0,0,1,0,0,0,0,0,6.78332520060396,0,0,0,11.48247656671073
6,0,0,0,0,1,0,0,0,0,0,7.232010331664759,0,0,0,12.07824495582233
8,0,0,0,0,1,0,0,0,0,0,7.853604813097837,0,0,0,12.52815976788113
6,0,0,0,0,1,0,0,0,0,0,7.10085190894405,0,0,0,11.92504173829169
5,0,0,0,0,1,0,0,0,0,0,7.183111701743281,0,0,0,11.775297421715827
5,0,0,0,0,1,0,0,0,0,0,6.639875833826536,0,0,0,11.19822841866684
6,0,0,0,0,1,0,0,0,0,0,7.260522598089852,0,0,0,12.075400019877522
6,0,0,0,0,1,0,0,0,0,0,7.321188556739478,0,0,0,12.128116509451258
5,0,0,0,0,1,0,0,0,0,0,7.693025748417888,0,0,0,12.097936057925594
5,0,0,0,0,1,0,0,0,0,0,6.658011045870748,0,0,0,11.699413330633599
6,0,0,0,0,1,0,0,0,0,0,7.01571242048723,0,0,0,11.904974309480183
8,0,0,0,0,1,0,0,0,0,0,7.570443252057374,0,0,0,12.491255347155265
7,0,0,0,0,1,0,0,0,0,0,7.218176838403408,1,0,0,12.394628892852941
8,0,0,0,0,1,0,0,0,0,0,7.7279755421055585,0,0,0,12.577639650232573
6,0,0,0,0,1,0,0,0,0,0,7.398174092970465,0,0,0,11.842236406331555
5,0,0,0,0,1,0,0,0,0,0,6.705639094860003,0,0,0,11.732069026983156
7,0,0,0,1,0,0,0,0,0,0,7.3453648404168685,0,0,0,12.230770136157428
7,0,0,0,0,1,0,0,0,0,0,7.353081920515432,0,0,0,12.211065162153215
4,0,0,0,0,1,0,0,0,0,0,6.762729506931879,0,0,0,11.856522261533737
9,0,0,0,0,1,0,0,0,0,0,7.660114319173928,0,0,0,12.936754021718041
7,0,0,0,0,1,0,0,0,0,0,7.612336837167746,0,0,0,12.165255859329688
7,0,0,0,0,1,0,0,0,0,0,7.592366128519796,0,0,0,12.339295865674435
6,0,0,0,0,1,0,0,0,0,0,7.141245122350491,0,0,0,12.128116509451258
7,0,0,0,0,1,0,0,0,0,0,7.181591944611865,0,0,0,12.242891437918386
8,0,0,0,0,1,0,0,0,0,0,7.292337176173877,0,0,0,12.407383590534293
6,0,0,0,0,1,0,0,0,0,0,7.362645270417825,0,0,0,12.09626335986454
7,0,0,0,0,1,0,0,0,0,0,7.1316985104669115,0,0,0,12.011886987792716
6,0,0,0,0,1,0,0,0,0,0,7.45876269238096,0,0,0,11.976665770490767
4,0,0,0,0,1,0,0,0,0,0,6.755768921984255,0,0,0,11.385103457032141
5,0,0,0,0,1,0,0,0,0,0,6.803505257608338,0,0,0,11.711784520403112
6,0,0,0,0,1,0,0,0,0,0,7.242082359256962,0,0,0,11.941950837487406
8,0,0,0,0,1,0,0,0,0,0,7.560080465021827,0,0,0,12.359784657728284
5,0,0,0,0,1,0,0,0,0,0,7.448333860897476,0,0,0,11.819681958463892
5,0,0,0,0,1,0,0,0,0,0,7.448333860897476,0,0,0,11.782960235741939
7,0,0,0,0,1,0,0,0,0,0,7.724888439323074,0,0,0,12.367345048436391
6,0,0,0,0,1,0,0,0,0,0,7.405495663199472,0,0,0,12.025755079404917
6,0,0,0,0,1,0,0,0,0,0,6.911747300251674,0,0,0,11.86710429621008
5,0,0,0,0,1,0,0,0,0,0,7.351799869057777,0,0,0,11.931642378754141
7,0,0,0,0,1,0,0,0,0,0,7.576097340623111,0,0,0,12.384223015005313
6,0,0,0,0,1,0,0,0,0,0,7.463936604468925,0,0,0,12.07254696717504
6,0,0,0,0,1,0,0,0,0,0,7.050122520269059,0,0,0,11.973516181427835
5,0,0,0,0,1,0,0,0,0,0,7.198183577101943,0,0,0,11.964007453736912
8,0,0,0,0,1,0,0,0,0,0,7.8050670442584895,0,0,0,12.495007682693725
7,0,0,0,0,1,0,0,0,0,0,7.340835554123275,0,0,0,12.230770136157428
5,0,0,0,0,1,0,0,0,0,0,6.796823718274855,0,0,0,11.917730355182513
7,0,0,0,0,1,0,0,0,0,0,8.158802490694002,0,0,0,12.59473402514672
8,0,0,0,0,1,0,0,0,0,0,7.601402334583733,0,0,0,12.631016799175821
7,0,0,0,0,1,0,0,0,0,0,7.716015266642587,0,0,0,12.323860125621126
6,0,0,0,0,1,0,0,0,0,0,7.249215057114389,0,0,0,11.402005077384885
4,0,0,0,0,1,0,0,0,0,0,6.759255270663693,0,0,0,11.320565693461432
9,0,0,0,0,1,0,0,0,0,0,7.573017256052546,0,0,0,12.793862088206213
6,0,0,0,0,1,0,0,0,0,0,7.31455283232408,0,0,0,12.017336559562407
6,0,0,0,0,1,0,0,0,0,0,6.880384082186005,0,0,0,11.790564777297387
5,0,0,0,0,1,0,0,0,0,0,7.020190708311925,0,0,0,11.694421681264394
7,0,0,0,1,0,0,0,0,0,0,7.619233416226805,0,0,0,12.834683971615659
7,0,0,0,0,1,0,0,0,0,0,7.403670290012373,0,0,0,12.08954444723597
7,0,0,0,0,1,0,0,0,0,0,7.267525427828172,0,0,0,12.146858590895919
7,0,0,0,0,1,0,0,0,0,0,7.763871287820222,0,0,0,12.468440756144114
8,0,0,0,0,1,0,0,0,0,0,7.580699752224563,0,0,0,12.506180941677357
7,0,0,0,0,1,0,0,0,0,0,7.881182202227102,0,0,0,12.468440756144114
7,0,0,0,0,1,0,0,0,0,0,7.29505641646263,0,0,0,12.141539457711714
9,0,0,0,0,1,0,0,0,0,0,7.862112211662748,0,0,0,12.74444728628135
8,0,0,0,0,1,0,0,0,0,0,7.81156848934518,0,0,0,12.777055016970678
7,0,0,0,0,1,0,0,0,0,0,7.912423121473705,0,0,0,12.614868865984631
3,0,0,0,0,1,0,0,0,0,0,7.059617628291383,0,0,0,11.745433036677353
7,0,0,0,0,1,0,0,0,0,0,7.999342952713282,0,0,0,12.396697137361691
5,0,0,0,0,1,0,0,0,0,0,6.6895992691789665,0,0,0,11.373674891823535
8,0,0,0,0,1,0,0,0,0,0,7.450079569807499,0,0,0,12.688501881189456
6,0,0,0,0,1,0,0,0,0,0,7.232733136177615,0,0,0,11.886218559372042
6,0,0,0,0,1,0,0,0,0,0,7.666221925662725,0,0,0,12.276069679344003
5,0,0,0,0,1,0,0,0,0,0,7.084226422097916,0,0,0,11.264476926102367
5,0,0,0,0,1,0,0,0,0,0,7.455298485683291,0,0,0,11.686887175419702
5,0,0,0,0,1,0,0,0,0,0,6.963189985870238,0,0,0,11.842236406331555
8,0,0,0,0,1,0,0,0,0,0,7.396335293800808,0,0,0,12.556733038263905
7,0,0,0,0,1,0,0,0,0,0,7.214504414151143,0,0,0,12.240478903153711
6,0,0,0,0,1,0,0,0,0,0,7.40184157874383,0,0,0,12.165255859329688
5,0,0,0,0,1,0,0,0,0,0,7.488293515159428,0,0,0,12.34126328584159
9,0,0,0,0,1,0,0,0,0,0,7.56164174558878,0,0,0,12.841132451487937
7,0,0,0,0,1,0,0,0,0,0,7.337587743538596,0,0,0,12.273735966890268
7,0,0,0,0,1,0,0,0,0,0,7.3914152346753585,0,0,0,12.218500103788143
6,0,0,0,0,1,0,0,0,0,0,7.103322062526113,0,0,0,11.951186847493476
8,0,0,0,0,1,0,0,0,0,0,7.554334823725748,0,0,0,12.220473454337986
4,0,0,0,0,1,0,0,0,0,0,6.7357800142423265,0,0,0,11.314486721293981
3,0,0,0,0,0,0,1,0,0,0,6.947937068614969,0,0,0,11.37940550085183
9,0,0,0,0,1,0,0,0,0,0,7.429520842786462,0,0,0,12.491255347155265
5,0,0,0,0,1,0,0,0,0,0,7.014814351275545,0,0,0,11.350418300109132
6,0,0,0,0,1,0,0,0,0,0,7.363913501405819,0,0,0,11.850832386224807
6,0,0,0,0,1,0,0,0,0,0,6.8658910748834385,0,0,0,11.928347504569842
6,0,0,0,0,1,0,0,0,0,0,7.2991214627108,0,0,0,11.967187086434018
7,0,0,0,0,1,0,0,0,0,0,7.394493107219038,0,0,0,11.944714374881176
9,0,0,0,0,1,0,0,0,0,0,7.911690520708339,0,0,0,12.988043102265232
9,0,0,0,0,1,0,0,0,0,0,7.533693709848633,0,0,0,12.670001611311875
7,0,0,0,0,1,0,0,0,0,0,7.282073658093465,0,0,0,12.154784614286667
5,0,0,0,0,1,0,0,0,0,0,7.013915474810528,0,0,0,11.461642696843066
6,0,0,0,0,1,0,0,0,0,0,6.580639137284949,0,0,0,11.570259974415547
6,0,0,0,0,1,0,0,0,0,0,7.3752557780097545,0,0,0,11.849404844423074
6,0,0,0,0,1,0,0,0,0,0,7.0909098220799835,0,0,0,12.086731521684555
6,0,0,0,0,1,0,0,0,0,0,7.0630481633881725,0,0,0,12.06105265381003
5,0,0,0,0,1,0,0,0,0,0,7.04141166379481,0,0,0,11.80560254159177
5,0,0,0,0,1,0,0,0,0,0,7.210079628170788,0,0,0,11.775297421715827
8,0,0,0,0,1,0,0,0,0,0,7.562681246721884,0,0,0,12.54254845357358
6,0,0,0,0,1,0,0,0,0,0,6.816735880594968,0,0,0,11.957617696467539
5,0,0,0,0,1,0,0,0,0,0,7.317212408359839,0,0,0,11.884495917930655
7,0,0,0,0,1,0,0,0,0,0,7.56164174558878,0,0,0,12.198549416880068
6,0,0,0,0,1,0,0,0,0,0,6.895682697747868,0,0,0,11.678448377988165
6,0,0,0,0,1,0,0,0,0,0,7.362010551259734,0,0,0,12.154784614286667
5,0,0,0,0,1,0,0,0,0,0,7.20414929203594,0,0,0,11.898194668458823
6,0,0,0,0,1,0,0,0,0,0,7.240649694255466,0,0,0,11.976665770490767
6,0,0,0,0,1,0,0,0,0,0,7.266827347520591,0,0,1,12.013706813470414
5,0,0,0,0,1,0,0,0,0,0,7.1459844677143876,0,0,0,11.790564777297387
5,0,0,0,0,1,0,0,0,0,0,7.160845906664299,0,0,0,11.995357787034976
6,0,0,0,0,1,0,0,0,0,0,7.417580402414544,0,0,0,12.057578437658945
4,0,0,0,0,1,0,0,0,0,0,7.370860166536716,0,0,0,11.808821212646512
6,0,0,0,0,1,0,0,0,0,0,6.6240652277998935,0,0,0,11.736077016252437
5,0,0,0,0,1,0,0,0,0,0,7.1853870155804165,0,0,0,11.719947764402807
7,0,0,0,0,1,0,0,0,0,0,7.564757012905729,0,0,0,12.299112067295642
1,0,0,0,0,1,0,0,0,0,0,6.807934943699926,0,0,0,11.0186455364637
5,0,0,0,0,1,0,0,0,0,0,6.818924065275521,0,0,0,11.904974309480183
8,0,0,0,0,1,0,0,0,0,0,7.810758116529357,0,0,0,12.73670383776449
9,0,0,0,0,1,0,0,0,0,0,7.526717561352706,0,0,0,12.885204569609956
6,0,0,0,0,1,0,0,0,0,0,7.496097345175956,0,0,0,12.095146671399466
5,0,0,0,0,1,0,0,0,0,0,7.433666540166168,0,0,0,11.751950239425476
7,0,0,0,0,1,0,0,0,0,0,7.171656822768514,0,0,0,12.142871895843887
7,0,0,0,0,1,0,0,0,0,0,7.494430215031565,0,0,0,12.271396795480596
6,0,0,0,0,1,0,0,0,0,0,6.665683717782408,0,0,0,11.23850177707664
6,0,0,0,0,1,0,0,0,0,0,7.577633832602728,0,0,0,12.388398368982115
8,0,0,0,0,1,0,0,0,0,0,7.146772179452637,0,0,0,12.165255859329688
5,0,0,0,0,1,0,0,0,0,0,7.077498053569231,0,0,0,11.302216779257382
6,0,0,0,0,1,0,0,0,0,0,7.026426808699636,0,0,0,11.736077016252437
7,0,0,0,0,1,0,0,0,0,0,7.299797366758161,0,0,0,12.160033942617156
10,0,0,0,0,1,0,0,0,0,0,7.75491027202143,0,0,0,12.962196972666593
5,0,0,0,0,1,0,0,0,0,0,7.221105098182496,0,0,0,11.686887175419702
6,0,0,0,0,1,0,0,0,0,0,7.581719640125308,0,0,0,12.278397958261774
5,0,0,0,0,1,0,0,0,0,0,6.78332520060396,0,0,0,11.575909653758895
4,0,0,0,0,1,0,0,0,0,0,6.670766320845874,0,0,0,11.51293546492023
5,0,0,0,0,1,0,0,0,0,0,6.942156705699469,0,0,0,11.599112335481124
5,0,0,0,0,1,0,0,0,0,0,7.0431599159883405,0,0,0,11.767575435251748
5,0,0,0,0,1,0,0,0,0,0,6.796823718274855,0,0,0,11.719947764402807
5,0,0,0,0,1,0,0,0,0,0,7.502738210754851,0,0,0,12.040614105490253
5,0,0,0,0,1,0,0,0,0,0,6.982862751468942,0,0,0,11.112462823634855
7,0,0,0,0,1,0,0,0,0,0,7.346655163176539,0,0,0,12.392556361841777
8,0,0,0,0,1,0,0,0,0,0,7.161622002939187,0,0,0,12.411056299528171
7,0,0,0,0,1,0,0,0,0,0,7.1785454837637,0,0,0,12.013646205940514
5,0,0,0,0,1,0,0,0,0,0,6.511745329644728,0,0,0,11.58989576532275
8,0,0,0,0,1,0,0,0,0,0,7.724888439323074,0,0,0,12.460718739865236
6,0,0,0,0,1,0,0,0,0,0,7.360739903058278,0,0,0,12.031725210748633
4,0,0,0,0,1,0,0,0,0,0,7.390798521735676,0,0,0,11.918397239722838
6,0,0,0,0,1,0,0,0,0,0,7.402451520818244,0,0,0,11.652696102959753
6,0,0,0,0,1,0,0,0,0,0,7.427144133408616,0,0,0,12.083910661257521
7,0,0,0,0,1,0,0,0,0,0,7.6838639802564295,0,0,0,12.54254845357358
8,0,0,0,0,1,0,0,0,0,0,7.639642287858013,0,0,0,12.73596827534975
5,0,0,0,0,1,0,0,0,0,0,7.152268856032539,0,0,0,11.002116507732017
5,0,0,0,0,1,0,0,0,0,0,6.963189985870238,0,0,0,11.884495917930655
7,0,0,0,0,1,0,0,0,0,0,7.2991214627108,0,0,0,12.310437165348775
5,0,0,0,0,1,0,0,0,0,0,6.9363427358340495,0,0,0,11.652696102959753
7,0,0,0,0,1,0,0,0,0,0,7.6487397889562425,0,0,0,12.337105293891872
7,0,0,0,0,1,0,0,0,0,0,7.201170883281678,0,0,0,12.106997888588934
6,0,0,0,0,1,0,0,0,0,0,7.244941546337007,0,0,0,11.915058360753719
6,0,0,0,1,0,0,0,0,0,0,7.872836175025724,0,0,0,12.384223015005313
5,0,0,0,0,1,0,0,0,0,0,7.034387929915503,0,0,0,11.744045122410057
5,0,0,0,0,1,0,0,0,0,0,6.963189985870238,0,0,0,11.863589378812122
7,0,0,0,0,1,0,0,0,0,0,7.20414929203594,0,0,0,12.237091546357338
6,0,0,0,0,1,0,0,0,0,0,7.3796321526095525,0,0,0,12.278397958261774
5,0,0,0,0,1,0,0,0,0,0,6.8966943316227125,0,0,0,11.635151947212842
8,0,0,0,0,1,0,0,0,0,0,7.875119281040293,0,0,0,12.660331092405906
6,0,0,0,0,1,0,0,0,0,0,7.087573705557973,0,0,0,11.842236406331555
7,0,0,0,0,1,0,0,0,0,0,7.237059026124737,0,0,0,11.813037464800539
7,0,0,0,0,1,0,0,0,0,0,7.405495663199472,0,0,0,12.524530013005734
4,0,0,0,0,1,0,0,0,0,0,6.811244378601294,0,0,0,11.599185726610004
7,0,0,0,0,1,0,0,0,0,0,7.097548850614793,0,0,0,12.182809136284991
6,0,0,0,0,1,0,0,0,0,0,7.253470382684528,0,0,0,12.07254696717504
6,0,0,0,0,1,0,0,0,0,0,6.895682697747868,0,0,0,11.355113089309977
6,0,0,0,0,1,0,0,0,0,0,7.089243155027514,0,0,0,11.288543647320601
5,0,0,0,0,1,0,0,0,0,0,7.2196420401307355,0,0,0,11.715874472198905
6,0,0,0,0,1,0,0,0,0,0,7.380879035564116,0,0,0,12.10625783509458
4,0,0,0,0,1,0,0,0,0,0,6.447305862541213,0,0,0,11.302216779257382
7,0,0,0,0,1,0,0,0,0,0,7.415776975415394,0,0,0,12.264346270624157
6,0,0,0,0,1,0,0,0,0,0,7.020190708311925,0,0,0,11.661354090741
6,0,0,0,0,1,0,0,0,0,0,6.807934943699926,0,0,0,11.686887175419702
5,0,0,0,0,1,0,0,0,0,0,6.543911845564792,0,0,0,11.411457364027745
6,0,0,0,0,1,0,0,0,0,0,7.087573705557973,0,0,0,11.608244735642321
10,0,0,0,0,1,0,0,0,0,0,7.784473235736469,0,0,0,13.22672519452875
4,0,0,0,0,1,0,0,0,0,0,7.273092595999522,0,0,0,11.678448377988165
5,0,0,0,0,1,0,0,0,0,0,7.3613754289773485,0,0,0,12.000897933306716
7,0,0,0,0,1,0,0,0,0,0,7.138073034044347,0,0,0,12.058158312538197
7,0,0,0,0,1,0,0,0,0,0,7.554334823725748,0,0,0,12.25486757159303
6,0,0,0,0,1,0,0,0,0,0,7.432483807917119,0,0,0,11.755879486687116
6,0,0,0,0,1,0,0,0,0,0,7.543802867501509,0,0,0,12.154784614286667
7,0,0,0,0,1,0,0,0,0,0,7.54274354536855,0,0,0,12.20557752297723
6,0,0,0,0,1,0,0,0,0,0,7.227662498728654,0,0,0,11.691080018519527
3,0,0,0,0,1,0,0,0,0,0,7.076653815443951,0,0,0,11.695255355062795
6,0,0,0,0,1,0,0,0,0,0,6.70196036600254,0,0,0,11.608244735642321
7,0,0,0,0,1,1,0,0,0,0,7.335633981927201,0,0,0,12.54254845357358
6,0,0,0,0,1,0,0,0,0,0,7.471363088187097,0,0,0,12.225880174775122
8,0,0,0,0,1,0,0,0,0,0,7.372118028337787,0,0,0,12.25486757159303
5,0,0,0,0,1,0,0,0,0,0,7.455298485683291,0,0,0,12.144202560946876
7,0,0,0,0,1,0,0,0,0,0,7.1252830915107115,0,0,0,12.075400019877522
5,0,0,0,0,1,0,0,0,0,0,7.20414929203594,0,0,0,11.49273296168228
4,0,0,0,0,1,0,0,0,0,0,7.416979621381154,0,0,1,12.45293662970407
8,0,0,0,0,1,0,0,0,0,0,7.418780882750794,0,0,0,11.989165855127435
5,0,0,0,0,1,0,0,0,0,0,7.093404625868766,0,0,0,11.608244735642321
8,0,0,0,0,1,0,0,0,0,0,7.568379267836522,0,0,0,12.481565733211923
7,0,0,0,0,1,0,0,0,0,0,7.035268599281097,0,0,0,11.951186847493476
5,0,0,0,0,1,0,0,0,0,0,6.762729506931879,0,0,0,11.04106411122238
6,0,0,0,0,1,0,0,0,0,0,7.415175109613295,0,0,0,12.147919030759663
5,0,0,0,0,1,0,0,0,0,0,6.947937068614969,0,0,0,11.728044909070785
7,0,0,0,0,1,0,0,0,0,0,7.254884810077338,0,0,0,12.093693109638318
7,0,0,0,0,1,0,0,0,0,0,7.15305163493748,0,0,1,12.025755079404917
5,0,0,0,0,1,0,0,0,0,0,7.405495663199472,0,0,0,11.89478753335453
8,0,0,0,0,1,0,0,0,0,0,7.399398083331354,0,0,0,12.429220196836383
6,0,0,0,0,1,0,0,0,0,0,7.444833273892193,0,0,0,12.138869243416009
8,0,0,0,0,1,0,0,0,0,0,7.315218389752975,0,0,0,12.264346270624157
7,0,0,0,0,1,0,0,0,0,0,7.585788821732034,0,0,0,12.154784614286667
6,0,0,0,0,1,0,0,0,0,0,6.9782137426306985,0,0,0,11.904974309480183
8,0,0,0,0,1,0,0,0,0,0,7.589335823170617,0,0,0,12.994532278619134
8,0,0,0,0,1,0,0,0,0,0,7.410347097821024,0,0,0,12.433212202169729
5,0,0,0,0,1,0,0,0,0,0,6.878326468291325,0,0,0,11.794345471549745
6,0,0,0,0,1,0,0,0,0,0,7.309212365692763,0,0,0,12.249615734512616
9,0,0,0,0,1,0,0,0,0,0,7.880048200971577,0,0,0,12.847929163278053
8,0,0,0,0,1,0,0,0,0,0,7.449498005382849,0,0,0,12.601490784782536
4,0,0,0,0,1,0,0,0,0,0,7.0317412587631285,0,0,0,11.401681006153428
9,0,0,0,0,1,0,0,0,0,0,7.523481312573497,0,0,0,12.694655727828803
9,0,0,0,0,1,0,0,0,0,0,7.491645473605133,0,0,0,12.832013750189885
7,0,0,0,0,1,0,0,0,0,0,7.510430556378006,0,0,0,11.951186847493476
6,0,0,0,0,1,0,0,0,0,0,7.104144092987527,0,0,0,12.00762780434872
5,0,0,0,0,1,0,0,0,0,0,6.907755278982137,0,0,0,11.794345471549745
5,0,0,0,0,1,0,0,0,0,0,7.01571242048723,0,0,0,11.898194668458823
5,0,0,0,0,1,0,0,0,0,0,6.97914527506881,0,0,0,11.957617696467539
5,0,0,0,0,1,0,0,0,0,0,7.3031700512368,0,0,0,12.07254696717504
5,0,0,0,0,1,0,0,0,0,0,7.789454566086673,0,0,0,11.982935344196433
4,0,0,0,0,1,0,0,0,0,0,6.447305862541213,0,0,0,11.362114203075018
5,0,0,0,0,1,0,0,0,0,0,7.173958319756794,0,0,0,11.652696102959753
6,0,0,0,0,1,0,0,0,0,0,7.364547014255642,0,0,0,11.798111925972618
6,0,0,0,0,1,0,0,0,0,0,7.284134806195205,0,0,0,12.059809113551397
5,0,0,0,0,1,0,0,0,0,0,7.146772179452637,0,0,0,11.951186847493476
5,0,0,0,0,1,0,0,0,0,0,6.787844982309579,0,0,0,11.421917019425596
4,0,0,0,0,1,0,0,0,0,1,6.580639137284949,0,0,0,10.460270761075149
8,0,0,0,0,1,0,0,0,0,0,8.079927770758275,0,0,0,12.971542813248437
7,0,0,0,0,1,0,0,0,0,0,7.507141079727608,0,0,0,12.122696471358964
5,0,0,0,0,1,0,0,0,0,0,6.802394763324311,0,0,0,11.775297421715827
5,0,0,0,0,1,0,0,0,0,0,6.816735880594968,0,0,0,11.695255355062795
6,0,0,0,0,1,0,0,0,0,0,7.105786129481271,0,0,0,11.635151947212842
7,0,0,0,0,1,0,0,0,0,0,7.478169694159785,0,0,0,12.331387247601905
5,0,0,0,0,1,0,0,0,0,0,7.102499355774649,0,0,0,11.849404844423074
7,0,0,0,0,1,0,0,0,0,0,7.496652438168283,0,0,0,12.574185427296195
6,0,0,0,0,1,0,0,0,0,0,7.187657164114956,0,0,0,11.898194668458823
5,0,0,0,0,1,0,0,0,0,0,7.581209826196346,0,0,0,11.732069026983156
8,0,0,0,0,1,0,0,0,0,0,7.555905093611346,0,0,0,12.278397958261774
6,0,0,0,0,1,0,0,0,0,0,7.105786129481271,0,0,0,12.246739428005663
7,0,0,0,0,1,0,0,0,0,0,7.229113877793302,0,0,0,11.989165855127435
5,0,0,0,0,1,0,0,0,0,0,6.948897222313312,0,0,0,11.732069026983156
5,0,0,0,0,1,0,0,0,0,0,7.218176838403408,0,0,0,12.013100572810686
7,0,0,0,0,1,0,0,0,0,0,7.221835825288449,0,0,0,12.2193145828011
5,0,0,0,0,1,0,0,0,0,0,6.762729506931879,0,0,0,11.774527900858468
6,0,0,0,0,1,0,0,0,0,0,6.985641817639208,0,0,0,11.80560254159177
5,0,1,0,0,0,0,0,0,0,0,6.672032945461067,0,0,0,11.477308649967686
10,0,0,0,0,1,0,0,0,0,0,7.611347717403621,0,0,0,12.90634935052389
6,0,0,0,0,1,0,0,0,0,0,7.659171367666058,0,0,0,11.970356641102999
7,0,0,0,0,1,0,0,0,0,0,7.76004068088038,0,0,0,12.487488878546145
6,0,0,0,0,1,0,0,0,0,0,7.493873886783559,0,0,0,12.259618151783465
7,0,0,0,0,1,0,0,0,0,0,7.640603826393634,0,0,0,12.36308066783498
4,0,0,0,0,1,0,0,0,0,0,7.166265974133638,0,0,0,11.573559498507079
6,0,0,0,0,1,0,0,0,0,0,7.126890808898808,0,0,0,11.918397239722838
6,0,0,0,0,1,0,0,0,0,0,7.417580402414544,0,0,0,11.976665770490767
10,0,0,0,0,1,0,0,0,0,0,8.450412157725886,0,0,0,12.126764251515691
7,0,0,0,0,1,0,0,0,0,0,7.782807262839695,0,0,0,12.662709207270272
7,0,0,0,0,1,0,0,0,0,0,7.144407180321139,0,0,0,12.07824495582233
5,0,0,0,0,1,0,0,0,0,0,6.834108738813838,0,0,0,11.790564777297387
9,0,0,0,0,1,0,0,0,0,0,7.906178840394815,0,0,0,13.008661502470739
4,0,0,0,0,1,0,0,0,0,0,6.406879986069314,0,0,0,11.362114203075018
6,0,0,0,0,1,0,0,0,0,0,7.830425617820331,0,0,0,12.209192772866418
6,0,0,0,0,1,0,0,0,0,0,7.31986492980897,0,0,0,12.07254696717504
6,0,0,0,0,1,0,0,0,0,0,7.217443431696533,0,0,0,11.759793355371237
5,0,0,0,0,1,0,0,0,0,0,6.71901315438526,0,0,0,11.58525542883217
1,0,0,0,0,1,0,0,0,0,0,5.814130531825066,0,0,0,10.579005242826247
8,0,0,0,0,1,0,0,0,0,0,7.254884810077338,0,0,0,12.08954444723597
5,0,0,0,0,1,0,0,0,0,0,7.206377291472252,0,0,0,11.58525542883217
7,0,0,0,0,1,0,0,0,0,0,7.45298232946546,0,0,0,12.144202560946876
4,0,0,0,0,1,0,0,0,0,0,6.762729506931879,0,0,0,11.619544188752133
5,0,0,0,0,1,0,0,0,0,0,7.05617528410041,0,0,0,11.970356641102999
8,0,0,0,0,1,0,0,0,0,0,7.379008127628304,0,0,0,12.513561021741964
9,0,0,0,0,1,0,0,0,0,0,7.516977224604321,0,0,0,12.660331092405906
8,0,0,0,0,1,0,0,0,0,0,7.734558844354756,0,0,0,12.421188057397055
7,0,0,0,0,1,0,0,0,0,0,7.427144133408616,0,0,0,12.270225154674701
7,0,0,0,0,1,0,0,0,0,0,6.643789733147672,0,0,0,11.798111925972618
7,0,0,0,0,1,0,0,0,0,0,7.311218384419629,0,0,0,12.098854850641
7,0,0,0,0,1,0,0,0,0,0,7.688913336864796,0,0,0,12.34148164933907
6,0,0,0,0,1,0,0,0,0,0,7.400009517162692,0,0,0,12.25486757159303
5,0,0,0,0,1,0,0,0,0,0,6.645090969505644,0,0,0,11.771443882099637
5,0,0,0,0,1,0,0,0,0,0,6.716594773520978,0,0,0,11.736077016252437
7,0,0,0,0,1,0,0,0,0,0,7.647308832356238,0,0,0,12.479913113434042
6,0,0,0,0,1,0,0,0,0,0,6.975413927455952,0,0,0,11.849404844423074
5,0,0,0,0,1,0,0,0,0,0,6.834108738813838,0,0,0,11.630717389475995
8,0,0,0,0,1,0,0,0,0,0,7.4489161025442,0,0,0,12.450981602512561
4,0,0,0,0,1,0,0,0,0,0,7.027314514039777,0,0,0,11.58989576532275
7,0,0,0,0,1,0,0,0,0,0,7.624130585661289,0,0,0,12.556733038263905
5,0,0,0,0,1,0,0,0,0,0,6.955592608396297,0,0,0,11.635151947212842
5,0,0,0,0,1,0,0,0,0,0,6.996681488176539,0,0,0,11.856522261533737
4,0,0,0,0,1,0,0,0,0,1,7.198183577101943,0,0,0,11.58989576532275
7,0,0,0,0,1,0,0,0,0,0,7.277247726631484,0,0,0,12.07254696717504
7,0,0,0,0,1,0,0,0,0,0,7.351158226430694,0,0,0,12.36308066783498
5,0,0,0,0,1,0,0,0,0,0,7.239214973779806,0,0,0,11.707677772181546
5,0,0,0,0,1,0,0,0,0,0,7.237059026124737,0,0,0,12.04355959836804
5,0,0,0,0,1,0,0,0,0,0,6.904750769961838,0,0,0,11.58989576532275
6,0,0,0,0,1,0,0,0,0,0,7.423568444259167,0,0,0,12.128116509451258
7,0,0,0,0,1,0,0,0,0,0,7.738923757439457,0,0,0,12.498745990829315
6,0,0,0,0,1,0,0,0,0,0,7.4073177104694174,0,0,0,11.759793355371237
9,0,0,0,0,1,0,0,0,0,0,7.826044013518965,0,0,0,12.691583538230217
7,0,0,0,0,1,0,0,0,0,0,7.336936913707618,0,0,0,12.273735966890268
8,0,0,0,0,1,0,0,0,0,0,7.665284718471351,0,0,0,12.665397584983758
5,0,0,0,0,1,0,0,0,0,0,6.8501261661455,0,0,0,11.820123358887447
5,0,0,0,0,1,0,0,0,0,0,7.455298485683291,0,0,0,11.867805799560465
6,0,0,0,0,1,0,0,0,0,0,6.762729506931879,0,0,0,11.695255355062795
7,0,0,0,0,1,0,0,0,0,0,7.4342573821331355,0,0,0,12.32163544049751
7,0,0,0,0,1,0,0,0,0,0,7.266128779556451,0,0,0,12.04355959836804
5,0,0,0,0,1,0,0,0,0,0,7.01211529430638,0,0,0,11.842236406331555
5,0,0,0,0,1,0,0,0,0,0,7.104144092987527,0,0,0,11.682676678340282
7,0,0,0,0,1,0,0,0,0,0,7.298445101508147,0,0,0,11.884495917930655
5,0,0,0,0,1,0,0,0,0,0,7.186144304522325,0,0,0,12.010671928196443
7,0,0,0,0,1,0,0,0,0,0,7.239214973779806,0,0,0,11.891368749982085
5,0,0,0,0,1,0,0,0,0,0,7.493317248862145,0,0,0,11.78676973513378
6,0,0,0,0,1,0,0,0,0,0,7.265429723253953,0,0,0,12.111217862017215
8,0,0,0,0,1,0,0,0,0,0,7.622174594817622,0,0,0,12.442306148381938
6,0,0,0,0,1,0,0,0,0,0,6.705639094860003,0,0,0,11.682676678340282
10,0,0,0,0,1,0,0,0,0,0,7.9287663216266955,0,0,0,12.691583538230217
4,0,0,0,0,1,0,0,0,0,0,7.3613754289773485,0,0,0,11.798111925972618
8,0,0,0,0,1,0,0,0,0,0,7.615298339825815,0,0,0,12.820990681250251
6,0,0,0,0,1,0,0,0,0,0,6.732210706467206,0,0,0,11.775297421715827
5,0,0,0,0,1,0,0,0,0,0,6.7580945044277305,0,0,0,11.827743504053695
5,0,0,0,0,1,0,0,0,0,0,7.295735072749282,0,0,1,11.870606902224587
5,0,0,0,0,1,0,0,0,0,0,6.841615476477592,0,0,0,11.283524879179666
7,0,0,0,0,1,0,0,0,0,0,7.367077059881012,0,0,0,12.132969552931216
10,0,0,0,0,1,0,0,0,0,0,7.739359202689098,0,0,0,13.02132904585825
5,0,0,0,0,1,0,0,0,0,0,6.705639094860003,0,0,0,11.835016210489899
6,0,0,0,0,1,0,0,0,0,0,6.744059186311348,0,0,0,11.849404844423074
5,0,0,0,0,1,0,0,0,0,0,6.829793737512425,0,0,0,11.608244735642321
8,0,0,0,0,1,0,0,0,0,0,7.510430556378006,0,0,0,12.672949516558306
6,0,0,0,0,1,0,0,0,0,0,7.221835825288449,0,0,0,11.648373769145277
7,0,0,0,0,1,0,0,0,0,0,7.246368080102461,0,0,0,12.176654133447505
5,0,0,0,0,1,0,0,0,0,0,7.4073177104694174,0,0,0,12.289958727201455
6,0,0,0,0,1,0,0,0,0,0,7.350516171833998,0,0,0,11.92504173829169
8,0,0,0,0,1,0,0,0,0,0,7.552237287560802,0,0,0,12.524530013005734
6,0,0,0,0,1,0,0,0,0,0,7.226936018493289,0,0,0,11.856522261533737
8,0,0,0,0,1,0,0,0,0,0,7.557994958530806,0,0,0,12.301387370778713
7,0,0,0,0,1,0,0,0,0,0,7.0909098220799835,0,0,0,11.92504173829169
7,0,0,0,0,1,0,0,0,0,0,7.3098814858247865,0,0,0,12.30592250537653
7,0,0,0,0,1,0,0,0,0,0,7.594381242551817,0,0,0,12.230770136157428
5,0,0,0,0,1,0,0,0,0,0,6.947937068614969,0,0,0,11.931642378754141
5,0,0,0,0,1,0,0,0,0,0,7.605392364814935,0,0,0,12.323860125621126
8,0,0,0,0,1,0,0,0,0,0,8.069342366811636,0,0,0,12.791358964949923
4,0,0,0,0,1,0,0,0,0,0,6.937314081223682,0,0,0,11.682676678340282
9,0,0,0,0,1,0,0,0,0,0,7.675081857716334,0,0,0,12.653961664405365
6,0,0,0,0,1,0,0,0,0,0,6.940222469119639,0,0,0,11.904974309480183
8,0,0,0,0,1,0,0,0,0,0,7.5352967024440884,0,0,0,12.474193386571581
5,0,0,0,0,1,0,0,0,0,0,7.02197642307216,0,0,0,11.898194668458823
4,0,0,0,0,1,0,0,0,0,0,6.447305862541213,0,0,0,11.231901180182515
6,0,0,0,0,1,0,0,0,0,0,6.961296045910167,0,0,0,11.83138646878959
6,0,0,0,0,1,0,0,0,0,0,7.31986492980897,0,0,0,12.118339189722553
6,0,0,0,0,1,0,0,0,0,0,6.725033642166843,0,0,0,11.566475710526321
9,0,0,0,0,1,0,0,0,0,0,7.511524648390866,0,0,0,12.659737267217572
8,0,0,0,0,1,0,0,0,0,0,7.724446645633537,0,0,0,12.628070334272698
3,0,0,0,0,1,0,0,0,0,0,6.762729506931879,0,0,0,11.112462823634855
6,0,0,0,0,1,0,0,0,0,0,7.869019376499023,0,0,0,12.388398368982115
5,0,0,0,0,1,0,0,0,0,0,6.8885724595653635,0,0,0,11.813037464800539
6,0,0,0,0,1,0,0,0,0,0,7.321849713788356,0,0,0,12.034696963475044
6,0,0,0,0,1,0,0,0,0,0,7.490529402060711,0,0,0,12.014615485902027
6,0,0,0,0,1,0,0,0,0,0,7.018401799069201,0,0,0,11.982935344196433
5,0,0,0,0,1,0,0,0,0,0,7.260522598089852,0,0,0,11.848690308590857
6,0,0,0,0,1,0,0,0,0,0,7.327123292259293,0,0,0,11.938199736300925
5,0,0,0,0,1,0,0,0,0,0,7.640603826393634,0,0,0,11.813037464800539
6,0,0,0,0,1,1,0,0,0,0,7.208600337960199,0,0,0,12.034696963475044
5,0,0,0,0,1,0,0,0,0,0,7.467942332285852,0,0,0,11.728044909070785
8,0,0,0,0,1,0,0,0,0,0,7.349230824613334,0,0,0,12.252483791602627
7,0,0,0,0,1,0,0,0,0,0,7.252762418053187,0,0,0,11.320565693461432
5,0,0,0,0,1,0,0,0,0,0,6.963189985870238,0,0,0,11.845109950883979
6,0,0,0,0,1,0,0,0,0,0,6.963189985870238,0,0,0,11.87757552297847
6,0,0,0,0,1,0,0,0,0,0,8.130353547431238,0,0,0,12.206077645517674
2,0,1,0,0,0,0,0,0,0,0,6.68586094706836,0,0,0,11.002116507732017
5,0,0,0,0,1,0,0,0,0,0,7.23561914106675,0,0,0,11.440365524765756
5,0,0,0,0,1,0,0,0,0,0,6.680854678790215,0,0,0,11.350418300109132
8,0,0,0,0,1,0,0,0,0,0,7.357556200910353,0,0,0,12.485830907348902
8,0,0,0,0,1,0,0,0,0,0,7.325807502595773,0,0,0,12.520887034998584
7,0,0,0,0,1,0,0,0,0,0,7.5652752818989315,0,0,0,12.328294703023394
8,0,0,0,0,1,0,0,0,0,0,7.902857191280582,0,0,0,12.75130259456002
5,0,0,0,0,1,0,0,0,0,0,7.390798521735676,0,0,0,11.931642378754141
9,0,0,0,0,1,0,0,0,0,0,7.4770384723196965,0,0,0,12.823631142839984
6,0,0,0,0,1,0,0,0,0,0,6.889591308354466,0,0,0,11.872353615355413
5,0,0,0,0,1,0,0,0,0,0,6.955592608396297,0,0,0,11.495789479023493
6,0,0,0,0,1,0,0,0,0,0,6.9985096422506015,0,0,0,11.951186847493476
6,0,0,0,0,1,0,0,0,0,0,7.517520850603031,0,0,0,11.951186847493476
4,0,0,0,0,1,0,0,0,0,0,6.447305862541213,0,0,0,11.344518647594766
7,0,0,0,0,1,0,0,0,0,0,7.418180822726788,0,0,0,12.235393555399902
4,0,0,0,0,1,0,0,0,0,0,7.32052696227274,0,0,0,11.58989576532275
7,0,0,0,0,1,0,0,0,0,0,7.448333860897476,0,0,0,12.160033942617156
6,0,0,0,0,1,0,0,0,0,0,7.293017679772782,0,0,0,11.813037464800539
8,0,0,0,0,1,0,0,0,0,0,7.656337166430183,0,0,0,12.765691290604371
6,0,0,0,0,1,0,0,0,0,0,6.996681488176539,0,0,0,11.385103457032141
5,0,0,0,0,1,0,0,0,0,0,6.960347729101308,0,0,0,11.8879382384223
7,0,0,0,0,1,0,0,0,0,0,7.315218389752975,0,0,0,11.91170829631447
6,0,0,0,0,1,0,0,0,0,0,7.285506548522785,0,0,0,11.487617913343598
5,0,0,0,0,1,0,0,0,0,0,7.304515946460155,0,0,0,12.025755079404917
7,0,0,0,0,1,0,0,0,0,0,7.568379267836522,0,0,0,12.19552218463499
8,0,0,0,0,1,0,0,0,0,0,7.803435056952168,0,0,0,12.904209855160254
6,0,0,0,0,1,0,0,0,0,0,7.239214973779806,0,0,0,11.608244735642321
4,0,0,0,0,1,0,0,0,0,0,7.074963197966044,0,0,0,11.83138646878959
8,0,0,0,0,1,0,0,0,0,0,7.6487397889562425,0,0,0,12.955129822091815
8,0,0,0,0,1,0,0,0,0,0,7.5688956634069955,0,0,0,12.348010479804223
6,0,0,0,0,1,0,0,0,0,0,7.7752758464868625,0,0,1,11.767575435251748
6,0,0,0,0,1,0,0,0,0,0,7.426549072397305,0,0,0,12.173037959397275
5,0,0,0,0,1,0,0,0,0,0,7.271008538280992,0,0,0,12.031725210748633
4,0,0,0,0,1,0,0,0,0,0,7.074116816197362,0,0,0,11.83138646878959
6,0,0,0,0,1,0,0,0,0,0,7.29776828253138,0,0,0,12.063938642041201
6,0,0,0,0,1,0,0,0,0,0,7.222566018822171,0,0,0,11.548302261270587
6,0,0,0,0,1,0,0,0,0,0,7.097548850614793,0,0,0,12.013706813470414
6,0,0,0,0,1,0,0,0,0,0,7.517520850603031,0,0,0,12.458778882573533
6,0,0,0,0,1,0,0,0,0,0,7.036148493750536,0,0,0,11.849404844423074
6,0,0,0,0,1,0,0,0,0,0,7.273786317844895,0,0,0,11.908346971208951
4,0,0,0,1,0,0,0,0,0,0,7.4815557019095165,0,0,0,11.373674891823535
5,0,0,0,0,1,0,0,0,0,0,6.675823221634848,0,0,0,11.603688960617083
8,0,0,0,0,1,0,0,0,0,0,7.624130585661289,0,0,0,12.827995001361906
5,0,0,0,0,1,0,0,0,0,0,6.8966943316227125,0,0,0,11.763691965388299
6,0,0,0,0,1,0,0,0,0,0,6.828712071641684,0,0,0,11.870606902224587
5,0,0,0,0,1,0,0,0,0,0,7.327123292259293,0,0,0,11.979391594635791
6,0,0,0,0,1,0,0,0,0,0,7.163946684342547,0,0,0,12.06105265381003
9,0,0,0,0,1,0,0,0,0,0,7.419979923661835,0,0,0,12.560247968016562
7,0,0,0,0,1,0,0,0,0,0,7.517520850603031,0,0,0,12.30592250537653
7,0,0,0,0,1,0,0,0,0,0,7.645397699428633,0,0,0,12.242891437918386
7,0,0,0,0,1,0,0,0,0,0,7.474204806496124,0,0,0,12.336556900342153
7,0,0,0,0,1,0,0,0,0,0,7.005789019253503,0,0,0,11.910365121788654
8,0,0,0,0,1,0,0,0,0,0,7.258412150595307,0,0,0,12.879019669789754
6,0,0,0,0,1,0,0,0,0,0,7.217443431696533,0,0,0,12.179220327453931
6,0,0,0,0,1,0,0,0,0,0,6.744059186311348,0,0,0,11.856522261533737
10,0,0,0,0,1,1,0,0,0,0,8.370315995555478,0,0,0,13.534474352733596
7,0,0,0,0,1,0,0,0,0,0,7.832014180505469,0,0,0,12.721888795877375
5,0,0,0,0,1,0,0,0,0,0,6.97914527506881,0,0,0,11.59433032142082
5,0,0,0,0,1,0,0,0,0,0,7.3395376954076745,0,0,0,11.860062063178267
6,0,0,0,0,1,0,0,0,0,0,7.037027614686276,0,0,0,12.07824495582233
5,0,0,0,0,1,0,0,0,0,0,6.424869023905388,0,0,0,11.39640288460621
5,0,0,0,0,1,0,0,0,0,0,7.046647277848756,0,0,0,11.724004532183379
5,0,0,0,0,1,0,0,0,0,0,6.796823718274855,0,0,0,11.83863282480007
7,0,0,0,0,1,0,0,0,0,0,7.238496840894365,0,0,0,12.185875040240456
8,0,0,0,0,1,0,0,0,0,0,7.496097345175956,0,0,0,12.652362948153474
7,0,0,0,0,1,0,0,0,0,0,7.060476365999801,0,0,0,11.849404844423074
8,0,0,0,0,1,0,0,0,0,0,7.854381210652365,0,0,0,12.799178471909892
5,0,0,0,0,1,0,0,0,0,0,7.502738210754851,0,0,0,11.849404844423074
7,0,0,0,0,1,0,0,0,0,0,7.3031700512368,0,0,0,12.269052139516223
4,0,0,0,0,1,0,0,0,0,0,6.996681488176539,0,0,0,10.915106645867503
7,0,0,0,0,1,0,0,0,0,0,7.509335266016592,0,0,0,12.618185607609803
8,0,0,0,0,1,0,0,0,0,0,7.1891677384203225,0,0,0,12.445093483000798
7,0,0,0,0,1,0,0,0,0,0,7.284134806195205,0,0,0,12.09815887308463
5,0,0,0,0,1,0,0,0,0,0,6.807934943699926,0,0,0,11.60733523953139
3,0,0,0,0,1,0,0,0,0,0,6.593044534142437,0,0,0,10.859018228147887
4,0,0,0,0,1,0,0,0,0,1,7.072421900537371,0,0,0,11.54031687156214
8,0,0,0,0,1,0,0,0,0,0,7.113956109566034,0,0,0,12.149507585033072
4,0,0,0,1,0,0,0,0,0,0,6.8679744089702925,0,0,0,11.767575435251748
6,0,0,0,0,1,0,0,0,0,0,7.299797366758161,0,0,0,11.779136168550774
6,0,0,0,0,1,0,0,0,0,0,7.208600337960199,0,0,0,12.013706813470414
7,0,0,0,0,1,0,0,0,0,0,7.845807502637805,0,0,0,11.979805470779858
5,0,0,0,0,1,0,0,0,0,0,7.072421900537371,0,0,0,11.964007453736912
7,0,0,0,0,1,0,0,0,0,0,7.791109510610028,0,0,0,12.739640688812674
5,0,0,0,0,1,0,0,0,0,0,6.879355804460439,0,0,0,11.763691965388299
8,0,0,0,0,1,0,0,0,0,0,7.463363045520021,0,0,0,12.524530013005734
6,0,0,0,0,1,0,0,0,0,0,6.744059186311348,0,0,0,11.870606902224587
4,0,0,0,0,1,0,0,0,0,0,6.762729506931879,0,0,0,11.732069026983156
4,0,0,0,0,1,0,0,0,0,0,7.293697720601438,0,0,0,11.813037464800539
9,0,0,0,0,1,0,0,0,0,0,7.4377951216719325,0,0,0,12.676079399771027
4,0,0,0,0,1,0,0,0,0,0,6.762729506931879,0,0,0,11.699413330633599
6,0,0,0,0,1,0,0,0,0,0,7.427144133408616,0,0,0,12.310437165348775
7,0,0,0,0,1,0,0,0,0,0,7.117205503164344,0,0,0,12.178192583415596
5,0,0,0,0,1,0,0,0,0,0,7.482681828154651,0,0,0,11.608244735642321
4,0,0,0,0,1,0,0,0,0,0,7.097548850614793,0,0,0,11.542493975902508
8,0,0,0,0,1,0,0,0,0,0,7.388327859577107,0,0,0,12.373707715234994
7,0,0,0,0,1,0,0,0,0,0,7.044905117129371,0,0,0,12.141539457711714
7,0,0,0,0,1,0,0,0,0,0,7.616775808698373,0,0,0,12.312686874960354
5,0,0,0,0,1,0,0,0,0,0,7.0431599159883405,0,0,0,11.786008995353765
5,0,0,0,0,1,0,0,0,0,0,6.855408798609928,0,0,0,11.58989576532275
7,0,0,0,1,0,0,0,0,0,0,7.478169694159785,0,0,0,12.001511614739405
3,0,0,0,0,1,0,0,0,0,0,6.947937068614969,0,0,0,11.445727410406752
8,0,0,0,0,1,0,0,0,0,0,7.496652438168283,0,0,0,12.3879816172226
5,0,0,0,0,1,0,0,0,0,0,7.0909098220799835,0,0,0,12.095146671399466
7,0,0,0,0,1,0,0,0,0,0,7.455298485683291,0,0,0,12.154784614286667
5,0,0,0,0,1,0,0,0,0,0,7.267525427828172,0,0,0,11.790564777297387
6,0,0,0,0,1,0,0,0,0,0,6.816735880594968,0,0,0,11.863589378812122
7,0,0,0,0,1,0,0,0,0,0,7.2078598714324755,0,0,0,12.095146671399466
5,0,0,0,0,1,0,0,0,0,0,7.289610521451167,0,0,0,12.07254696717504
8,0,0,0,0,1,0,0,0,0,0,7.198931240688173,0,0,0,12.100717685412471
8,0,0,0,0,1,0,0,0,0,0,7.906915488678587,0,0,0,12.61087420020211
7,0,0,0,0,1,0,0,0,0,0,7.721791776817535,0,0,0,12.371591321286905
7,0,0,0,1,0,0,0,0,0,0,7.878912912297133,0,0,0,12.491176396967154
7,0,0,0,0,1,0,0,0,0,0,7.450660796211539,0,0,0,12.469978029554953
4,0,0,0,0,0,0,1,0,0,0,7.333023014386481,0,0,0,11.49273296168228
4,0,0,0,0,1,0,0,0,0,0,7.039660349862076,0,0,0,11.477308649967686
7,0,0,0,0,1,0,0,0,0,0,7.186144304522325,0,0,0,11.995357787034976
6,0,0,0,0,1,0,0,0,0,0,7.3098814858247865,0,0,0,12.28765724080691
8,0,0,0,0,1,0,0,0,0,0,7.649216319820633,0,0,0,12.526346537332584
6,0,0,0,0,1,0,0,0,0,0,6.934397209928558,0,0,0,11.957617696467539
6,0,0,0,0,1,0,0,0,0,0,7.294377299288821,0,0,0,12.058158312538197
8,0,0,0,0,1,0,0,0,0,0,7.478169694159785,0,0,0,12.264346270624157
6,0,0,0,0,1,0,0,0,0,0,7.234898420314831,0,0,0,11.97603664577121
7,0,0,0,0,1,0,0,0,0,0,7.31455283232408,0,0,0,12.097378802727306
8,0,0,0,0,1,0,0,0,0,0,7.836764783264067,0,0,0,12.577639650232573
6,0,0,0,0,1,0,0,0,0,0,6.762729506931879,0,0,0,11.755879486687116
5,0,0,0,0,1,0,0,0,0,0,7.171656822768514,0,0,0,11.51293546492023
7,0,0,0,0,1,0,0,0,0,0,7.344719054149673,0,0,0,12.279327754099118
8,0,0,0,0,1,0,0,0,0,0,7.768956044538332,0,0,0,12.727841176689147
8,0,0,0,0,1,0,0,0,0,0,7.3098814858247865,0,0,0,12.506180941677357
9,0,0,0,0,1,0,0,0,0,0,7.317876198626496,0,0,0,12.484208043148733
7,0,0,0,0,1,0,0,0,0,0,7.44716835960004,0,0,0,12.188422799337028
6,0,0,0,0,1,0,0,0,0,0,7.467942332285852,0,0,0,11.982935344196433
7,0,0,0,0,1,0,0,0,0,0,7.515889085215125,0,0,0,12.28690580994122
8,0,0,0,0,1,0,0,0,0,0,8.09559870137819,0,0,0,13.195615697878253
5,0,0,0,0,1,0,0,0,0,0,6.755768921984255,0,0,0,11.812296455066814
4,0,0,0,0,1,0,0,0,0,0,7.107425474110705,0,0,0,11.532737896139919
6,0,0,0,0,1,0,0,0,0,0,7.0192966537150445,0,0,0,11.580593459194764
5,0,0,0,0,1,0,0,0,0,0,6.816735880594968,0,0,0,11.648338835562747
8,0,0,0,0,1,0,0,0,0,0,7.587817219993427,0,0,0,12.886643575525625
6,0,0,0,0,1,0,0,0,0,0,7.094234845924755,0,0,0,11.995357787034976
7,0,0,0,0,1,0,0,0,0,0,7.387090235656757,0,0,0,12.308182383129823
5,0,0,0,0,1,0,0,0,0,0,6.796823718274855,0,0,0,11.86710429621008
5,0,0,0,0,1,0,0,0,0,0,7.611347717403621,0,0,0,11.87757552297847
6,0,0,0,0,1,0,0,0,0,0,6.912742820493176,0,0,0,11.813037464800539
7,0,0,0,0,1,0,0,0,0,0,7.134093721192866,0,0,0,12.07824495582233
6,0,0,0,0,1,0,0,0,0,0,7.38025578842646,0,0,0,12.077676615757813
7,0,0,0,0,1,0,0,0,0,0,7.266128779556451,0,0,0,12.139403856983334
5,0,0,0,0,1,0,0,0,0,0,7.01301578963963,0,0,0,12.016732516077072
6,0,0,0,0,1,0,0,0,0,0,7.3031700512368,0,0,0,11.759793355371237
6,0,0,0,0,1,0,0,0,0,0,7.202661196523238,0,0,0,11.992266613576142
5,0,0,0,0,1,0,0,0,0,0,7.410347097821024,0,0,0,11.842236406331555
7,0,0,0,0,1,0,0,0,0,0,7.642524134232902,0,0,0,12.358798024384122
4,0,0,0,0,1,0,0,0,0,0,6.804614520062624,0,0,0,11.588969419043872
6,0,0,0,0,1,0,0,0,0,0,7.643961949002529,0,0,0,12.141539457711714
7,0,0,0,0,1,0,0,0,0,0,7.044032897274685,0,0,0,11.984184555794167
6,0,0,0,0,1,0,0,0,0,0,6.968850378341948,0,0,0,11.896833207128452
7,0,0,0,0,1,0,0,0,0,0,7.607878073278507,0,0,0,12.505402864156405
8,0,0,0,0,1,0,0,0,0,0,7.311218384419629,0,0,0,12.323860125621126
7,0,0,0,0,1,0,0,0,0,0,7.547501682814967,0,0,0,12.178192583415596
6,0,0,0,0,1,0,0,0,0,0,7.355641102974253,0,0,0,12.049424683420915
6,0,0,0,0,1,0,0,0,0,0,7.1592919047975645,0,0,0,11.874097282798648
5,0,0,0,0,1,0,0,0,0,0,6.651571873589727,0,0,0,11.608244735642321
9,0,0,0,0,1,0,0,0,0,0,8.052296499538647,0,0,0,13.091906231773164
5,0,0,0,0,1,0,0,0,0,0,7.478169694159785,0,0,0,12.07254696717504
6,0,0,0,0,1,0,0,0,0,0,7.4318919168078,0,0,0,12.206077645517674
4,0,0,0,0,1,0,0,0,0,0,7.087573705557973,0,0,0,11.60733523953139
7,0,0,0,0,1,0,0,0,0,0,7.284134806195205,0,0,0,12.149507585033072
9,0,0,0,0,1,0,0,0,0,0,7.945555428253489,0,0,0,13.275829251377
5,0,0,0,0,1,0,0,0,0,0,7.029087564149662,0,0,0,11.678448377988165
7,0,0,0,0,1,0,0,0,0,0,7.264730177929867,0,0,0,12.335700805443338
5,0,0,0,0,1,0,0,0,0,0,6.8885724595653635,0,0,0,11.816734299348461
5,0,0,0,0,1,0,0,0,0,0,7.3632795869630385,0,0,0,12.317171167298682
5,0,0,0,0,1,0,0,0,0,0,6.99117688712121,0,0,0,11.982622797311857
5,0,0,0,0,1,0,0,0,0,0,7.668093709082406,0,0,0,11.571203807011969
6,0,0,0,0,1,0,0,0,0,0,7.177782416195197,0,0,0,12.10625783509458
6,0,0,0,0,1,0,0,0,0,0,6.744059186311348,0,0,0,11.881041706925902
5,0,0,0,0,1,0,0,0,0,1,6.951772164398911,0,0,0,10.932999821119937
6,0,0,0,0,1,0,0,0,0,0,7.274479558773871,0,0,0,11.969723533345908
5,0,0,0,1,0,0,0,0,0,0,7.1316985104669115,0,0,0,11.661354090741
7,0,0,0,0,1,0,0,0,0,0,7.415776975415394,0,0,0,12.323415584358154
5,0,0,0,0,1,0,0,0,0,0,6.9167150203536085,0,0,0,11.827743504053695
8,0,0,0,0,1,0,0,0,0,0,7.432483807917119,0,0,0,12.509877789891931
6,0,0,0,0,1,0,0,0,0,0,6.959398512133975,0,0,0,11.951186847493476
7,0,0,0,0,1,0,0,0,0,0,7.214504414151143,0,0,0,12.319405795112926
7,0,0,0,0,1,0,0,0,0,0,7.403061091090091,0,0,0,12.117246896289503
4,0,0,0,0,1,0,0,0,0,0,6.842683282238422,0,0,0,11.440365524765756
7,0,0,0,0,1,0,0,0,0,0,7.458186157340487,0,0,0,12.323860125621126
6,0,0,0,0,1,0,0,0,0,0,7.306531398939505,0,0,0,11.845827048676645
8,0,0,0,0,1,0,0,0,0,0,7.306531398939505,0,0,0,12.357079818283598
10,0,0,0,0,1,0,0,0,0,0,7.642524134232902,0,0,0,12.861001210669146
5,0,0,0,0,1,0,0,0,0,0,6.665683717782408,0,0,0,11.603688960617083
7,0,0,0,0,1,0,0,0,0,0,7.268920128193722,0,0,0,12.149507585033072
5,0,0,0,0,1,0,0,0,0,0,7.6624678152002375,0,0,1,12.128116509451258
7,0,0,0,0,1,0,0,0,0,0,7.1098794630722715,0,0,0,11.900912042974875
6,0,0,0,0,1,0,0,0,0,0,7.239214973779806,0,0,0,12.019749091416921
7,0,0,0,0,1,0,0,0,0,0,7.0909098220799835,0,0,0,11.92504173829169
7,0,0,0,0,1,0,0,0,0,0,7.512071245835466,0,0,0,12.37581963951765
6,0,0,0,0,1,0,0,0,0,0,7.324489979348532,0,0,0,12.025755079404917
5,0,0,0,0,1,0,0,0,0,0,7.0431599159883405,0,0,0,11.849047640327147
4,0,0,0,0,1,0,0,0,0,0,6.97354301952014,0,0,0,11.759793355371237
5,0,0,0,0,1,0,0,0,0,0,7.352441100243583,0,0,0,11.941462360646149
6,0,0,0,0,1,0,0,0,0,0,6.895682697747868,0,0,0,11.51293546492023
5,0,0,0,0,1,0,0,0,0,0,7.003065458786462,0,0,0,11.87757552297847
5,0,0,0,0,1,0,0,0,0,0,7.0909098220799835,0,0,0,11.779136168550774
6,0,0,0,0,1,0,0,0,0,0,7.301822342137932,0,0,0,11.849404844423074
5,0,0,0,0,1,0,0,0,0,0,7.3395376954076745,0,0,0,11.967187086434018
6,0,0,0,0,1,0,0,0,0,0,7.061334366910438,0,0,0,12.071975378543236
5,0,0,0,0,1,0,0,0,0,0,7.496097345175956,0,0,0,11.856522261533737
5,0,0,0,0,1,0,0,0,0,0,7.256297239690681,0,0,0,11.944064817531656
5,0,0,0,0,1,0,0,0,0,0,7.43955930913332,0,0,0,12.049424683420915
7,0,0,0,0,1,0,0,0,0,0,7.4821189235521155,0,0,0,12.269052139516223
5,0,0,0,0,1,0,0,0,0,0,6.762729506931879,0,0,0,11.80186424743109
6,0,0,0,0,1,0,0,0,0,0,7.765993079407675,0,0,0,12.388398368982115
6,0,0,0,0,1,0,0,0,0,0,7.526178913346146,0,0,0,12.138869243416009
6,0,0,0,0,1,0,0,0,0,0,6.744059186311348,0,0,0,11.78676973513378
8,0,0,0,0,1,0,0,0,0,0,7.284134806195205,0,0,0,12.278397958261774
7,0,0,0,0,1,0,0,0,0,0,7.4067107301776405,0,0,0,12.00762780434872
6,0,0,0,0,1,0,0,0,0,0,7.27655640271871,0,0,0,11.970356641102999
5,0,0,0,0,1,0,0,0,0,0,7.484368643286131,0,0,0,12.04355959836804
5,0,0,0,0,1,0,0,0,0,0,6.947937068614969,0,0,0,11.751950239425476
6,0,0,0,0,1,0,0,0,0,0,6.934397209928558,0,0,0,11.898194668458823
6,0,0,0,0,1,0,0,0,0,0,7.301147805856032,0,0,0,12.066816325306588
7,0,0,0,0,1,0,0,0,0,0,7.223295679562314,0,0,0,11.931642378754141
6,0,0,0,0,1,0,0,0,0,0,7.884199933676039,0,0,0,12.429220196836383
7,0,0,0,0,1,0,0,0,0,0,7.2633296174768365,0,0,0,12.154521423145216
5,0,0,0,0,1,0,0,0,0,0,6.946975992135418,0,0,0,11.78676973513378
6,0,0,0,0,1,0,0,0,0,0,7.001245622069476,0,0,0,11.931642378754141
5,0,0,0,0,1,0,0,0,0,0,7.046647277848756,0,0,0,11.794345471549745
7,0,0,0,0,1,0,0,0,0,0,7.224753405767971,0,0,0,12.43153750053306
5,0,0,0,0,1,0,0,0,0,0,6.910750787961936,0,0,0,11.908346971208951
8,0,0,0,0,1,0,0,0,0,0,7.4067107301776405,0,0,0,12.424810506025395
4,0,0,0,0,1,0,0,0,0,0,7.02197642307216,0,0,0,11.767575435251748
5,0,0,0,0,1,0,0,0,0,0,7.749753406274437,0,0,0,12.037659911047468
7,0,0,0,0,1,0,0,0,0,0,7.575584651557793,0,0,0,12.371591321286905
5,0,0,0,0,1,0,0,0,0,0,6.796823718274855,0,0,0,11.603688960617083
6,0,0,0,0,1,0,0,0,0,0,7.428333194190806,0,0,0,12.208574513247495
5,0,0,0,0,1,0,0,0,0,0,6.814542897259958,0,0,0,11.661354090741
5,0,0,0,0,1,0,0,0,0,0,7.1459844677143876,0,0,0,11.798111925972618
5,0,0,0,0,1,0,0,0,0,0,7.0317412587631285,0,0,0,11.104972264124868
8,0,0,0,0,1,0,0,0,0,0,7.8674885686991285,0,0,0,12.623064399210183
4,0,0,0,0,1,0,0,0,0,0,6.947937068614969,0,0,0,11.792456911128632
9,0,0,0,0,1,0,0,0,0,0,7.707512194600341,0,0,0,12.765691290604371
5,0,0,0,0,1,0,0,0,0,0,7.052721049232323,0,0,0,11.904974309480183
5,0,0,0,0,1,0,0,0,0,0,6.762729506931879,0,0,0,11.824087219587643
5,0,0,0,0,1,0,0,0,0,0,6.994849985833071,0,0,0,11.964007453736912
7,0,0,0,0,1,0,0,0,0,0,7.4489161025442,0,0,0,12.141539457711714
6,0,0,0,0,1,0,0,0,0,0,7.374001859350161,0,0,0,12.08954444723597
4,0,0,0,0,1,0,0,0,0,0,7.7102051944325325,0,0,0,11.682676678340282
5,0,0,0,0,1,0,0,0,0,0,6.794586580876499,0,0,0,11.51293546492023
9,0,0,0,0,1,0,0,0,0,0,7.444248649496705,0,0,0,12.70351207261035
5,0,0,0,0,1,0,0,0,0,0,7.44600149832412,0,0,0,11.884495917930655
5,0,0,0,0,1,0,0,0,0,0,7.2399325913204695,0,0,0,11.816734299348461
8,0,0,0,0,1,0,0,0,0,0,7.704361167910313,0,0,1,12.498745990829315
6,0,0,0,0,1,0,0,0,0,0,7.317212408359839,0,0,0,11.915058360753719
5,0,0,0,0,1,0,0,0,0,0,6.829793737512425,0,0,0,11.719134432217524
6,0,0,0,0,1,0,0,0,0,0,7.428927194802272,0,0,0,12.058158312538197
6,0,0,0,0,1,0,0,0,0,0,6.974478911025045,0,0,0,11.947955847790901
5,0,0,0,0,1,0,0,0,0,0,7.232733136177615,0,0,0,12.013706813470414
5,0,0,0,0,1,0,0,0,0,0,7.336936913707618,0,0,0,11.685693195625964
6,0,0,0,0,1,0,0,0,0,0,7.493873886783559,0,0,0,11.849404844423074
4,0,0,0,0,1,0,0,0,0,0,6.858565034791365,0,0,0,11.575909653758895
5,0,0,0,0,1,0,0,0,0,0,7.714677473800927,0,0,0,11.870278179170796
9,0,0,0,0,1,0,0,0,0,0,7.768533300926033,0,0,0,13.323928581764989
5,0,0,0,0,1,0,0,0,0,0,7.1204443723924875,0,0,0,11.813037464800539
4,0,0,0,0,1,0,0,0,0,0,6.755768921984255,0,0,0,11.608244735642321
5,0,0,0,0,1,0,0,0,0,0,7.175489713624222,0,0,0,11.938199736300925
7,0,0,0,0,1,0,0,0,0,0,7.31986492980897,0,0,0,12.100717685412471
7,0,0,0,0,1,0,0,0,0,0,7.421177528595393,0,0,0,12.388398368982115
5,0,0,0,0,1,0,0,0,0,0,6.805722553416985,0,0,0,11.74006900564972
5,0,0,0,0,1,0,0,0,0,0,6.96979066990159,0,0,0,11.759793355371237
8,0,0,0,0,1,0,0,0,0,0,7.400620577371135,0,0,0,12.449022745701502
7,0,0,0,0,1,0,0,0,0,0,7.629489916393995,0,0,0,12.429220196836383
5,0,0,0,0,1,0,0,0,0,0,6.805722553416985,0,0,0,11.782960235741939
6,0,0,0,0,1,0,0,0,0,0,7.3031700512368,0,0,0,12.066816325306588
5,0,0,0,0,1,0,0,0,0,0,7.729735331385051,0,0,0,11.946660519211651
5,0,0,0,0,1,0,0,0,0,0,7.1459844677143876,0,0,0,11.874097282798648
5,0,0,0,0,1,0,0,0,0,0,6.923628628138427,0,0,0,11.385103457032141
5,0,0,0,0,1,0,0,0,0,0,7.602401335665818,0,0,0,11.884495917930655
6,0,0,0,0,1,0,0,0,0,0,7.110696122978827,0,0,0,12.065280672855897
4,0,0,0,0,1,0,0,0,0,0,6.996681488176539,0,0,0,11.225256725762893
2,0,0,0,0,1,0,0,0,0,1,6.175867270105761,0,0,0,10.471978128496518
4,0,0,0,0,1,0,0,0,0,0,7.114769448366463,0,0,0,11.813037464800539
7,0,0,0,0,1,0,0,0,0,0,7.662937850461535,0,0,0,12.380030154325457
6,0,0,0,0,1,0,0,0,0,0,7.254884810077338,0,0,0,12.081081821061819
6,0,0,0,0,1,0,0,0,0,0,7.451241684987676,0,0,0,12.211065162153215
5,0,0,0,0,1,0,0,0,0,0,7.696667081526462,0,0,0,11.890683588496984
6,0,0,0,0,1,0,0,0,0,0,7.183111701743281,0,0,0,12.043500773454495
6,0,0,0,0,1,0,0,0,0,0,7.388946097618437,0,0,0,12.170450649220749
6,0,0,0,0,1,0,0,0,0,0,7.430707082545968,0,0,0,12.242891437918386
5,0,0,0,0,1,0,0,0,0,0,7.027314514039777,0,0,0,12.07254696717504
8,0,0,0,0,1,0,0,0,0,0,7.772752716468742,0,0,0,12.560247968016562
7,0,0,0,0,1,0,0,0,0,0,7.590346945602565,0,0,0,12.07824495582233
8,0,0,0,0,1,0,0,0,0,0,7.489412083508719,0,0,0,12.373707715234994
7,0,0,0,0,1,0,0,0,0,0,7.71289096149013,0,0,0,12.310437165348775
8,0,0,0,0,1,0,0,0,0,0,7.2909747781429814,0,0,0,12.211065162153215
5,0,0,0,0,1,0,0,0,0,0,6.8308742346461795,0,0,0,11.674202123168433
9,0,0,0,0,1,0,0,0,0,0,7.552762084214147,0,0,0,12.676079399771027
7,0,0,0,0,1,0,0,0,0,0,7.313886831633462,0,0,0,12.154784614286667
7,0,0,0,0,1,0,0,0,0,0,7.635303886259415,0,0,1,12.396697137361691
4,0,0,0,0,1,0,0,0,0,0,6.617402977974478,0,0,0,11.288543647320601
7,0,0,0,0,1,0,0,0,0,0,7.0909098220799835,0,0,0,12.127575825689417
7,0,0,0,0,1,0,0,0,0,0,7.586803535162581,0,0,0,12.441148720271016
7,0,0,0,0,1,0,0,0,0,0,7.5822291942764615,0,0,0,12.387560521575551
7,0,0,0,0,1,0,0,0,0,0,7.784889295655098,0,0,0,12.406565597924235
6,0,0,0,0,1,0,0,0,0,0,7.455298485683291,0,0,0,11.924379271639218
7,0,0,0,0,1,0,0,0,0,0,7.630946580890459,0,0,0,12.273735966890268
4,0,0,0,0,1,0,0,0,0,0,7.273092595999522,0,0,0,11.918397239722838
5,0,0,0,0,1,0,0,0,0,0,7.398174092970465,0,0,0,11.870606902224587
6,0,0,0,0,1,0,0,0,0,0,7.20414929203594,0,0,0,11.83138646878959
5,0,0,0,0,1,0,0,0,0,0,7.533693709848633,0,0,0,11.735276702486741
5,0,0,0,0,1,0,0,0,0,0,7.0431599159883405,0,0,0,11.870606902224587
8,0,0,0,0,1,0,0,0,0,0,7.396335293800808,0,0,0,12.506180941677357
7,0,0,0,0,1,0,0,0,0,0,7.482681828154651,0,0,0,12.167856627501678
6,0,0,0,0,1,0,0,0,0,0,7.231287004327616,0,0,0,12.193498926601634
5,0,0,0,0,1,0,0,0,0,0,6.762729506931879,0,0,0,11.767575435251748
5,0,0,0,0,1,0,0,0,0,0,6.873163834212518,0,0,0,11.694421681264394
5,0,0,0,0,1,0,0,0,0,0,6.645090969505644,0,0,0,11.804855999911272
5,0,0,0,0,1,0,0,0,0,0,7.585281078639126,0,0,0,12.055255569732177
6,0,0,0,0,1,0,0,0,0,0,6.8885724595653635,0,0,1,11.755879486687116
6,0,0,0,0,1,0,0,0,0,0,7.580189417944541,0,0,0,11.884495917930655
6,0,0,0,0,1,0,0,0,0,0,7.114769448366463,0,0,0,11.728044909070785
5,0,0,0,0,1,0,0,0,0,0,6.964135612418245,0,0,0,11.790564777297387
7,0,0,0,0,1,0,0,0,0,0,7.198931240688173,0,0,0,12.128116509451258
7,0,0,0,0,1,0,0,0,0,0,7.256297239690681,0,0,0,11.951186847493476
5,0,0,0,0,1,0,0,0,0,0,6.755768921984255,0,0,0,11.665655135642039
6,0,0,0,0,1,0,0,0,0,0,7.96311205897929,0,0,0,12.513561021741964
6,0,0,0,0,1,0,0,0,0,0,7.3453648404168685,0,0,0,11.951186847493476
9,0,0,0,0,1,0,0,0,0,0,7.496097345175956,0,0,0,12.384223015005313
7,0,0,0,0,1,0,0,0,0,0,7.546974117516527,0,0,0,12.277932735946903
6,0,0,0,0,1,0,0,0,0,0,7.3031700512368,0,0,0,12.094587859196112
5,0,0,0,0,1,0,0,0,0,0,7.1770187659099,0,0,0,11.982935344196433
5,0,0,0,0,1,0,0,0,0,0,7.002155954403621,0,0,0,11.813037464800539
3,0,1,0,0,0,0,0,0,0,0,6.876264611890766,0,0,0,10.542732775946709
6,0,0,0,0,1,0,0,0,0,0,6.999422467507961,0,0,0,11.849404844423074
4,0,0,0,0,1,0,0,0,0,0,7.084226422097916,0,0,0,11.813037464800539
7,0,0,0,0,1,0,0,0,0,0,7.394493107219038,0,0,0,12.06105265381003
6,0,0,0,0,1,0,0,0,0,0,6.823286122355687,0,0,0,11.507922973347437
7,0,0,0,0,1,0,0,0,0,0,7.264730177929867,0,0,0,12.111767460549332
7,0,0,0,0,1,0,0,0,0,0,7.61085279039525,0,0,0,12.02874460037869
7,0,0,0,0,1,0,0,0,0,0,7.232010331664759,0,0,0,12.013706813470414
4,0,0,0,0,1,0,0,0,0,0,6.76849321164863,0,0,0,11.356283350762888
7,0,0,0,0,1,0,0,0,0,0,7.124478262493424,0,0,0,12.20557752297723
4,0,0,0,0,1,0,0,0,0,0,6.796823718274855,0,0,0,11.608244735642321
5,0,0,0,0,1,0,0,0,0,0,7.022868086082641,0,0,0,11.842236406331555
7,0,0,0,0,1,0,0,0,0,0,6.907755278982137,0,0,0,12.091789104493502
8,0,0,0,0,1,0,0,0,0,0,7.868254265520613,0,0,0,12.724869415131389
7,0,0,0,0,1,0,0,0,0,0,7.144407180321139,0,0,0,11.982278882874377
8,0,0,0,0,1,0,0,0,0,0,7.736743682453495,0,0,0,12.45254592991672
5,0,0,0,0,1,0,0,0,0,0,7.45876269238096,0,0,0,11.744045122410057
5,0,0,0,1,0,0,0,0,0,0,7.060476365999801,0,0,0,11.736077016252437
6,0,0,0,0,1,0,0,0,0,0,7.400009517162692,0,0,0,11.669937760751914
9,0,0,0,0,1,0,0,0,0,0,7.57095858316901,0,0,0,12.887129532148373
6,0,0,0,0,1,0,0,0,0,0,7.616283561580385,0,0,0,12.180759965737863
7,0,0,0,0,1,0,0,0,0,0,7.3632795869630385,0,0,0,12.190964083849375
8,0,0,0,0,1,0,0,0,0,0,7.780303087908373,0,0,0,12.759960632315702
8,0,0,0,0,1,0,0,0,0,0,7.463363045520021,0,0,0,12.031725210748633
6,0,0,0,0,1,0,0,0,0,0,7.524021415206125,0,0,0,12.138869243416009
6,0,0,0,0,1,0,0,0,0,0,7.313886831633462,0,0,0,12.066241450757124
10,0,0,0,0,1,0,0,0,0,0,7.449498005382849,0,0,0,12.729323752253295
4,0,0,0,0,1,0,0,0,0,0,7.115582126184454,0,0,0,11.7085004721646
5,0,0,0,0,1,0,0,0,0,0,6.957497370876951,0,0,0,11.824087219587643
6,0,0,0,0,1,0,0,0,0,0,7.274479558773871,0,0,0,12.128116509451258
3,0,0,0,0,1,0,0,0,0,0,6.982862751468942,0,0,0,11.418625774449596
7,0,0,0,0,1,0,0,0,0,0,7.097548850614793,0,0,0,12.235636302128867
3,0,0,0,1,0,0,0,0,0,0,6.851184927493743,0,0,1,11.314486721293981
5,0,0,0,0,1,0,0,0,0,0,6.539585955617669,0,0,0,11.362114203075018
8,0,0,0,0,1,0,0,0,0,0,7.362010551259734,0,0,0,12.354496960983985
5,0,0,0,0,1,0,0,0,0,0,7.427144133408616,0,0,0,11.827049837927534
7,0,0,0,0,1,0,0,0,0,0,7.316548177182976,0,0,0,12.10625783509458
5,0,0,0,0,1,0,0,0,0,0,6.893656354602635,0,0,0,11.917730355182513
6,0,0,0,0,1,0,0,0,0,0,7.4133673356952405,0,0,0,12.004574385508691
4,0,0,0,0,1,0,0,0,0,0,6.996681488176539,0,0,0,11.385103457032141
7,0,0,0,0,1,0,0,0,0,0,7.444833273892193,0,0,0,12.388398368982115
5,0,0,0,0,1,0,0,0,0,0,7.328437352895162,0,0,0,11.532737896139919
5,0,0,0,0,1,0,0,0,0,0,7.148345743900068,0,0,0,11.813037464800539
5,0,0,0,0,1,0,0,0,0,0,7.417580402414544,0,0,0,11.51293546492023
6,0,0,0,0,1,0,0,0,0,0,7.315218389752975,0,0,0,12.013706813470414
5,0,0,0,1,0,0,0,0,0,0,6.930494765951626,0,0,0,11.350418300109132
6,0,0,0,0,1,0,0,0,0,0,6.9874902470009905,0,0,0,11.688566422839942
8,0,0,0,0,1,0,0,0,0,0,7.418180822726788,0,0,0,12.33270970174018
7,0,0,0,0,1,0,0,0,0,0,7.316548177182976,0,0,0,12.220966184120165
8,0,0,0,0,1,0,0,0,0,0,7.215975002651466,0,0,0,12.141539457711714
7,0,0,0,0,1,0,0,0,0,0,7.29505641646263,0,0,0,11.982935344196433
7,0,0,0,0,1,0,0,0,0,0,7.317876198626496,0,0,0,12.271349956195543
4,0,0,0,0,1,0,0,0,0,0,7.0326242610280065,0,0,0,12.07824495582233
7,0,0,0,0,1,0,0,0,0,0,7.107425474110705,0,0,0,12.175618592671356
5,0,0,0,0,1,0,0,0,0,0,7.130098510125578,0,0,0,11.373674891823535
7,0,0,0,0,1,0,0,0,0,0,7.316548177182976,0,0,0,12.160033942617156
8,0,0,0,0,1,0,0,0,0,0,7.972121128921655,0,0,0,12.567240979056246
5,0,0,0,0,1,0,0,0,0,0,6.78332520060396,0,0,0,11.630717389475995
5,0,0,0,0,1,0,0,0,0,0,7.142827401161621,0,0,0,12.02874460037869
8,0,0,0,0,1,0,0,0,0,0,7.4067107301776405,0,0,0,12.588194064175278
5,0,0,0,0,1,0,0,0,0,0,7.227662498728654,0,0,0,11.561725152903833
6,0,0,0,0,1,0,0,0,0,0,7.105786129481271,0,0,0,11.678448377988165
5,0,0,0,0,1,0,0,0,0,0,7.564757012905729,0,0,0,11.982935344196433
7,0,0,0,0,1,0,0,0,0,0,8.03365842788615,0,0,0,12.190964083849375
8,0,0,0,0,1,0,0,0,0,0,7.83241092718792,0,0,0,12.644330802262578
7,0,0,0,0,1,0,0,0,0,0,7.411556287811163,0,0,0,12.345838935721968
5,0,0,0,0,1,0,0,0,0,0,6.86171134048073,0,0,0,11.693169865968983
4,0,0,0,0,1,0,0,0,0,0,6.740519359606223,0,0,0,11.338583982516495
9,0,0,0,0,1,0,0,0,0,0,7.390798521735676,0,0,0,12.66191713053049
8,0,0,0,0,1,0,0,0,0,0,7.724888439323074,0,0,0,12.567240979056246
4,0,0,0,0,1,0,0,0,0,0,7.20414929203594,0,0,0,11.48247656671073
4,0,0,0,0,1,0,0,0,0,0,6.447305862541213,0,0,0,11.289794413577894
5,0,0,0,0,1,0,0,0,0,0,7.4977617006225685,0,0,0,11.951186847493476
6,0,0,0,0,1,0,0,0,0,0,7.398174092970465,0,0,0,12.06105265381003
6,0,0,0,0,1,0,0,0,0,0,7.175489713624222,0,0,0,12.185875040240456
7,0,0,0,0,1,0,0,0,0,0,7.753623546559746,0,0,0,12.47717172708952
8,0,0,0,0,1,1,0,0,0,0,7.83399634170946,0,0,0,12.535379989788607
3,0,0,0,0,1,0,0,0,0,0,7.458186157340487,0,0,0,11.846543632608535
9,0,0,0,0,1,0,0,0,0,0,7.9617188159813645,0,0,0,13.229569788348705
5,0,0,0,0,1,0,0,0,0,0,6.898714534329988,0,0,0,11.884495917930655
5,0,0,0,0,1,0,0,0,0,0,7.4798641311650265,0,0,0,11.652696102959753
4,0,0,0,0,1,0,0,0,0,0,6.836259277277067,0,0,0,11.349241150793087
7,0,0,0,0,1,0,0,0,0,0,7.172424577124845,0,0,0,12.080996832096167
7,0,0,0,0,1,0,0,0,0,0,7.183111701743281,0,0,0,12.206782393599413
6,0,0,0,0,1,0,0,0,0,0,7.589841512182657,0,0,0,12.013706813470414
5,0,0,0,0,1,0,0,0,0,0,7.3310603052186325,0,0,0,11.881041706925902
8,0,0,0,0,1,0,0,0,0,0,7.595889917718538,0,0,0,12.449022745701502
6,0,0,0,0,1,0,0,0,0,0,7.329093736246592,0,0,0,12.100717685412471
7,0,0,0,0,1,0,0,0,0,0,7.21890970761906,0,0,0,12.13270055639427
7,0,0,0,0,1,0,0,0,0,0,7.523481312573497,0,0,0,12.421188057397055
9,0,0,0,0,1,0,0,0,0,0,7.68937110752969,0,0,0,12.721888795877375
6,0,0,0,0,1,0,0,0,0,0,7.596894438144544,0,0,0,12.301387370778713
8,0,0,0,0,1,0,0,0,0,0,7.199678345691172,0,0,0,12.271396795480596
3,0,0,0,0,1,0,0,0,0,1,6.796823718274855,0,0,0,11.302216779257382
5,0,0,0,0,1,0,0,0,0,0,7.757051142032013,0,0,0,11.407576060361786
6,0,0,0,0,1,0,0,0,0,0,7.00669522683704,0,0,0,11.612779849672751
5,0,0,0,0,1,0,0,0,0,0,7.051855622955894,0,0,0,11.944714374881176
7,0,0,0,0,1,0,0,0,0,0,7.72356247227797,0,0,0,12.700771936142122
6,0,0,0,0,1,0,0,0,0,0,7.360103972989152,0,0,0,12.08954444723597
6,0,0,0,0,1,0,0,0,0,0,7.385230923066573,0,0,0,12.031129798974042
6,0,0,0,0,1,0,0,0,0,0,7.8328075165248645,0,0,0,11.927687224983487
5,0,0,0,0,1,0,0,0,0,0,6.795705775173514,0,0,0,11.813037464800539
5,0,0,0,0,1,0,0,0,0,0,6.955592608396297,0,0,0,11.813037464800539
6,0,0,0,0,1,0,0,0,0,0,7.350516171833998,0,0,0,11.944714374881176
5,0,0,0,0,1,0,0,0,0,0,7.284134806195205,0,0,0,11.424105180165641
6,0,0,0,0,1,0,0,0,0,0,7.2633296174768365,0,0,0,11.979805470779858
7,0,0,0,0,1,0,0,0,0,0,7.123672785204607,0,0,0,12.175618592671356
7,0,0,0,0,1,0,0,0,0,0,7.462214939768189,0,0,0,12.299112067295642
5,0,0,0,0,1,0,0,0,0,0,7.2909747781429814,0,0,0,12.04355959836804
5,0,0,0,0,1,0,0,0,0,0,7.00033446027523,0,0,0,11.840796531639839
6,0,0,0,0,1,0,0,0,0,0,6.744059186311348,0,0,0,11.956976469393481
5,0,0,0,0,1,0,0,0,0,0,6.898714534329988,0,0,0,11.744045122410057
6,0,0,0,0,1,0,0,0,0,0,7.138073034044347,0,0,0,11.884495917930655
5,0,0,0,0,1,0,0,0,0,0,6.947937068614969,0,0,0,11.798111925972618
7,0,0,0,0,1,0,0,0,0,0,7.286191714702382,0,0,0,12.165255859329688
6,0,0,0,0,1,0,0,0,0,0,7.132497551660044,0,0,0,11.982935344196433
6,0,0,0,0,1,0,0,0,0,0,7.312553498102598,0,0,0,12.141539457711714
6,0,0,0,0,1,0,0,0,0,0,6.904750769961838,0,0,0,11.898194668458823
4,0,0,0,0,1,0,0,0,0,0,6.996681488176539,0,0,0,11.332613886815139
8,0,0,0,0,1,0,0,0,0,0,7.577633832602728,0,0,0,12.437188334739655
7,0,0,0,0,1,0,0,0,0,0,7.444248649496705,0,0,0,11.83138646878959
8,0,0,0,0,1,0,0,0,0,0,7.129297548929373,0,0,0,12.190964083849375
3,0,0,0,0,0,0,1,0,0,0,6.947937068614969,0,0,0,11.439289689006644
7,0,0,0,0,1,0,0,0,0,0,7.133295954896068,0,0,0,11.982935344196433
6,0,0,0,0,1,0,0,0,0,0,7.43543801981455,0,0,0,11.824087219587643
5,0,0,0,0,1,0,0,0,0,0,7.0909098220799835,0,0,0,11.891368749982085
5,0,0,0,0,1,0,0,0,0,0,6.842683282238422,0,0,0,11.767575435251748
6,0,0,0,0,1,0,0,0,0,0,7.181591944611865,0,0,0,12.080696479888447
6,0,0,0,0,1,0,0,0,0,0,7.212294468500341,0,0,0,11.751950239425476
8,0,0,0,0,1,0,0,0,0,0,6.9930151229329605,0,0,0,12.04355959836804
4,0,0,0,0,1,0,0,0,0,0,7.1891677384203225,0,0,0,11.759793355371237
7,0,0,0,0,1,0,0,0,0,0,7.379008127628304,0,0,0,11.964007453736912
2,0,0,0,0,1,0,0,0,0,0,6.0844994130751715,0,0,0,11.002116507732017
5,0,0,0,0,1,0,0,0,0,0,6.85751406254539,0,0,0,11.691080018519527
5,0,0,0,0,1,0,0,0,0,0,7.034387929915503,0,0,0,11.813037464800539
6,0,0,0,0,1,0,0,0,0,0,7.085901464365611,0,0,0,11.979805470779858
5,0,0,0,0,1,0,0,0,0,0,7.172424577124845,0,0,0,11.571203807011969
8,0,0,0,0,1,0,0,0,0,0,7.872073979866873,0,0,0,12.691583538230217
7,0,0,0,0,1,0,0,0,0,0,7.274479558773871,0,0,0,12.100161978566867
7,0,0,0,0,1,0,0,0,0,0,7.611842399580417,0,0,0,12.52352951631214
6,0,0,0,0,1,0,0,0,0,0,7.43307534889858,0,0,0,12.10625783509458
8,0,0,0,0,1,0,0,0,0,0,7.515889085215125,0,0,0,12.54254845357358
6,0,0,0,0,1,0,0,0,0,0,7.413970290190444,0,0,0,12.144202560946876
7,0,0,0,0,1,0,0,0,0,0,7.583247524303362,0,0,0,12.230770136157428
5,0,0,0,0,1,0,0,0,0,0,6.705639094860003,0,0,0,11.774527900858468
5,0,0,0,0,1,0,0,0,0,0,6.9167150203536085,0,0,0,11.80932691294063
5,0,0,0,0,1,0,0,0,0,0,6.726233402358747,0,0,0,11.669937760751914
8,0,0,0,0,1,0,0,0,0,0,7.45876269238096,0,0,0,12.669809806411457
8,0,0,0,0,1,0,0,0,0,0,7.258412150595307,0,0,0,12.123239799036943
5,0,0,0,0,1,0,0,0,0,0,6.796823718274855,0,0,0,11.775297421715827
5,0,0,0,0,1,0,0,0,0,0,7.379008127628304,0,0,0,11.849404844423074
5,0,0,0,0,1,0,0,0,0,0,6.947937068614969,0,0,0,11.803361242493628
6,0,0,0,0,1,0,0,0,0,0,6.920671504248683,0,0,0,11.681832447342321
7,0,0,0,0,1,0,0,0,0,0,7.347943823148687,0,0,0,12.268582547911404
4,0,0,0,0,1,0,0,0,0,0,6.8679744089702925,0,0,0,11.626263078808801
5,0,0,0,0,1,0,0,0,0,0,6.54965074223381,0,0,0,11.678448377988165
7,0,0,0,0,1,0,0,0,0,0,7.301822342137932,0,0,0,12.007017865994577
4,0,0,0,0,1,0,0,0,0,0,6.913737350659685,0,0,0,11.652696102959753
7,0,0,0,0,1,0,0,0,0,0,7.349873704738337,0,0,0,12.066816325306588
7,0,0,0,0,1,0,0,0,0,0,7.333676395657684,0,0,0,12.464587201678082
7,0,0,0,0,1,0,0,0,0,0,7.580699752224563,0,0,0,12.278397958261774
5,0,0,0,0,1,0,0,0,0,0,6.842683282238422,0,0,0,11.849404844423074
4,0,0,0,0,1,0,0,0,0,0,7.591861714889934,0,0,0,11.813037464800539
5,0,0,0,0,1,0,0,0,0,0,6.882437470997847,0,0,0,11.445727410406752
6,0,0,0,1,0,0,0,0,0,0,7.701200180857446,0,0,0,11.674202123168433
8,0,0,0,0,1,0,0,0,0,0,7.611347717403621,0,0,0,12.386312871189734
6,0,0,0,0,1,0,0,0,0,0,7.3783837129967145,0,0,0,12.037659911047468
6,0,0,0,0,1,0,0,0,0,0,6.894670039433482,0,0,0,11.532737896139919
6,0,0,0,0,1,0,0,0,0,0,7.133295954896068,0,0,0,11.686887175419702
5,0,0,0,0,1,0,0,0,0,0,6.928537818164665,0,0,0,11.451060699493427
6,0,0,0,0,1,0,0,0,0,0,7.357556200910353,0,0,0,12.185875040240456
5,0,0,0,0,1,0,0,0,0,0,7.0630481633881725,0,0,0,11.87757552297847
5,0,0,0,0,1,0,0,0,0,0,6.859614903654202,0,0,0,11.842236406331555
5,0,0,0,0,1,0,0,0,0,0,7.533158807455563,0,0,0,12.193498926601634
8,0,0,0,0,1,0,0,0,0,0,7.947678571301568,0,0,0,12.959540872420414
5,0,0,0,0,1,0,0,0,0,0,6.914730892718563,0,0,0,11.289794413577894
4,0,1,0,0,0,0,0,0,0,0,6.829793737512425,0,0,0,11.289794413577894
5,0,0,0,0,1,0,0,0,0,0,7.3632795869630385,0,0,0,11.91170829631447
6,0,0,0,0,1,0,0,0,0,0,7.1693500166706,0,0,0,12.100717685412471
7,0,0,0,0,1,0,0,0,0,0,7.355641102974253,0,0,0,12.069685751267224
7,0,0,0,0,1,0,0,0,0,0,7.013915474810528,0,0,0,11.669082701743504
7,0,0,0,0,1,0,0,0,0,0,7.301822342137932,0,0,0,11.870606902224587
6,0,0,0,0,1,0,0,0,0,0,6.838405200847344,0,0,0,11.728044909070785
5,0,0,0,0,1,0,0,0,0,0,7.2909747781429814,0,0,0,11.917730355182513
6,0,0,0,0,1,0,0,0,0,0,7.502186486602924,0,0,0,12.345838935721968
6,0,0,0,0,1,0,0,0,0,0,6.705639094860003,0,0,0,11.699413330633599
7,0,0,0,0,1,0,0,0,0,0,7.507141079727608,0,0,0,12.215037342290755
5,0,0,0,0,1,0,0,0,0,0,7.271008538280992,0,0,0,12.292254928916668
5,0,0,0,0,1,0,0,0,0,0,7.143617602704121,0,0,0,12.100161978566867
7,0,0,0,0,1,0,0,0,0,0,7.181591944611865,0,0,0,12.345838935721968
8,0,0,0,0,1,0,0,0,0,0,7.365812837209472,0,0,0,12.367889578686164
6,0,0,0,0,1,0,0,0,0,0,7.537430036586509,0,0,0,12.128116509451258
6,0,0,0,0,1,0,0,0,0,0,7.284134806195205,0,0,0,11.891368749982085
6,0,0,0,0,1,0,0,0,0,0,7.403061091090091,0,0,0,12.319405795112926
5,0,0,0,0,1,0,0,0,0,0,6.796823718274855,0,0,0,11.767575435251748
4,0,0,0,0,1,0,0,0,0,0,7.138073034044347,0,0,0,11.59873612138334
5,0,0,0,0,1,0,0,0,0,0,7.267525427828172,0,0,0,12.175618592671356
7,0,0,0,0,1,0,0,0,0,0,7.315218389752975,0,0,0,12.359527368950229
8,0,0,0,0,1,0,0,0,0,0,7.43543801981455,0,0,0,12.41044511731981
6,0,0,0,0,1,0,0,0,0,0,7.421775793644647,0,0,0,12.06105265381003
6,0,0,0,0,1,0,0,0,0,0,7.653969180478774,0,0,0,12.367345048436391
10,0,0,0,0,1,0,0,0,0,0,8.196436811235028,0,0,0,13.345508528717259
6,0,0,0,0,1,0,0,0,0,0,7.020190708311925,0,0,0,12.049424683420915
6,0,0,0,0,1,0,0,0,0,0,7.140453043101158,0,0,0,12.001511614739405
7,0,0,0,0,1,0,0,0,0,0,7.1316985104669115,0,0,0,12.05467400868968
5,0,0,0,0,1,0,0,0,0,0,8.034955024502159,0,0,0,12.208574513247495
6,0,0,0,0,1,0,0,0,0,0,7.76046702921342,0,0,0,12.384223015005313
8,0,0,0,0,1,0,0,0,0,0,7.96311205897929,0,0,0,12.560247968016562
5,0,0,0,0,1,0,0,0,0,0,6.828712071641684,0,0,0,11.691080018519527
6,0,0,0,0,1,0,0,0,0,0,7.110696122978827,0,0,0,11.652696102959753
5,0,0,0,0,1,0,0,0,0,0,7.203405521083095,0,0,0,11.950541482162043
5,0,0,0,0,1,0,0,0,0,0,7.025538314638521,0,0,0,11.440365524765756
7,0,0,0,0,1,0,0,0,0,0,7.83002808253384,0,0,0,12.429220196836383
8,0,0,0,0,1,0,0,0,0,0,7.410347097821024,0,0,0,12.880294363972055
10,0,0,0,0,1,0,0,0,0,0,8.406708458240965,0,0,0,13.521140839642674
5,0,0,0,0,1,0,0,0,0,0,7.030857476116121,0,0,0,11.695255355062795
5,0,0,0,0,1,0,0,0,0,0,7.360739903058278,0,0,0,12.137263685701864
5,0,0,0,0,1,0,0,0,0,0,7.108244139731541,0,0,0,11.560772327227417
3,0,0,0,0,1,0,0,0,0,0,7.438383530044307,0,0,0,11.461642696843066
8,0,0,0,0,1,0,0,0,0,0,7.393263094763838,0,0,0,12.476103599529843
7,0,0,0,0,1,0,0,0,0,0,7.415175109613295,0,0,0,12.180759965737863
7,0,0,0,0,1,0,0,0,0,0,7.498315870766981,0,0,0,12.149507585033072
4,0,0,0,0,1,0,0,0,0,0,7.392031567514591,0,0,0,12.031725210748633
8,0,0,0,0,1,0,0,0,0,0,7.273786317844895,0,0,0,12.066816325306588
5,0,0,0,0,1,0,0,0,0,0,7.29505641646263,0,0,0,11.736077016252437
6,0,0,0,0,1,0,0,0,0,0,7.110696122978827,0,0,0,12.013706813470414
6,0,0,0,0,1,0,0,0,0,0,7.210079628170788,0,0,0,11.970356641102999
6,0,0,0,0,1,0,0,0,0,0,7.284134806195205,0,0,0,12.07824495582233
7,0,0,0,0,1,0,0,0,0,0,7.530479995245536,0,0,0,12.29779001527865
7,0,0,0,0,1,0,0,0,0,0,7.43307534889858,0,0,0,11.87757552297847
7,0,0,0,0,1,0,0,0,0,0,7.10085190894405,0,0,0,12.08954444723597
4,0,0,0,0,1,0,0,0,0,0,7.232010331664759,0,0,0,11.904974309480183
4,0,0,0,0,1,0,0,0,0,0,6.762729506931879,0,0,0,11.6617850286409
7,0,0,0,0,1,0,0,0,0,0,7.484368643286131,0,0,0,12.19552218463499
5,0,0,0,0,1,0,0,0,0,0,7.207118856207756,0,0,0,11.669937760751914
7,0,0,0,0,1,0,0,0,0,0,7.396948602621014,0,0,0,12.269052139516223
5,0,0,0,0,1,0,0,0,0,0,6.980075940561763,0,0,0,11.941462360646149
7,0,0,0,0,1,0,0,0,0,0,7.69484807238461,0,0,0,12.513193308436527
4,0,0,0,0,1,0,0,0,0,0,6.963189985870238,0,0,0,11.580593459194764
6,0,0,0,0,1,0,0,0,0,0,7.438971592395862,0,0,0,12.206077645517674
5,0,0,0,0,1,0,0,0,0,0,7.157735484249907,0,0,0,11.849404844423074
8,0,0,0,0,1,0,0,0,0,0,7.415175109613295,0,0,0,12.577639650232573
6,0,0,0,0,1,0,0,0,0,0,7.520776415062797,0,0,0,12.149507585033072
8,0,0,0,0,1,0,0,0,0,0,7.469083884921234,0,0,0,12.00762780434872
4,0,0,0,0,1,0,0,0,0,0,6.511745329644728,0,0,0,11.635151947212842
4,0,0,0,0,1,0,0,0,0,0,6.8679744089702925,0,0,0,11.884495917930655
5,0,0,0,0,1,0,0,0,0,0,6.907755278982137,0,0,0,11.80932691294063
5,0,0,0,0,1,0,0,0,0,0,6.796823718274855,0,0,0,11.736077016252437
6,0,0,0,0,1,0,0,0,0,0,7.551186867296149,0,0,0,11.626263078808801
8,0,0,0,0,1,0,0,0,0,0,7.181591944611865,0,0,0,12.343470927093518
4,0,0,0,0,1,0,0,0,0,0,6.816735880594968,0,0,0,11.296024885689746
6,0,0,0,0,1,0,0,0,0,0,7.105786129481271,0,0,0,11.424105180165641
5,0,0,0,0,1,0,0,0,0,0,6.816735880594968,0,0,0,11.652696102959753
5,0,0,0,0,1,0,0,0,0,0,7.10002716662926,0,0,0,11.80560254159177
6,0,0,0,0,1,0,0,0,0,0,7.52131798019924,0,0,0,11.870606902224587
5,0,0,0,0,1,0,0,0,0,0,7.667158255319148,0,0,0,11.834291315386718
7,0,0,0,0,1,0,0,0,0,0,7.307202314764738,0,0,0,12.122696471358964
6,0,0,0,0,1,0,0,0,0,0,7.037905963447182,0,0,0,11.884495917930655
6,0,0,0,0,1,0,0,0,0,0,7.56734567601324,0,0,0,12.273735966890268
5,0,0,0,0,1,0,0,0,0,0,6.816735880594968,0,0,0,11.898194668458823
9,0,0,0,0,1,0,0,0,0,0,7.440146680662688,0,0,0,12.813920618864572
5,0,0,0,0,1,0,0,0,0,0,7.318539548567902,0,0,0,11.751950239425476
5,0,0,0,0,1,0,0,0,0,0,7.8713112033234065,0,0,0,12.154784614286667
5,0,0,0,0,1,0,0,0,0,0,7.0825485693553,0,0,0,11.794345471549745
4,0,0,0,0,1,0,0,0,0,0,7.110696122978827,0,0,0,11.530775206233024
5,0,0,0,0,1,0,0,0,0,0,7.080867896690782,0,0,0,11.863589378812122
5,0,0,0,0,1,0,0,0,0,0,7.583247524303362,0,0,0,11.775297421715827
5,0,0,0,0,1,0,0,0,0,0,7.487173694213739,0,0,0,11.841423131921784
7,0,0,0,0,1,0,0,0,0,0,7.394493107219038,0,0,0,12.075400019877522
7,0,0,0,0,1,0,0,0,0,0,7.575071699507561,0,0,0,12.180759965737863
6,0,0,0,0,1,0,0,0,0,0,7.040536390215956,0,0,0,11.86710429621008
8,0,0,0,0,1,0,0,0,0,0,7.3031700512368,0,0,0,12.490879338036375
7,0,0,0,0,1,0,0,0,0,0,7.478169694159785,0,0,0,12.323415584358154
7,0,0,0,0,1,0,0,0,0,0,7.432483807917119,0,0,0,12.42250975887691
7,0,0,0,0,1,0,0,0,0,0,7.068172000388042,0,0,0,12.04355959836804
10,0,0,0,0,1,0,0,0,0,0,7.638679823876112,0,0,0,13.049794835104816
8,0,0,0,0,1,0,0,0,0,0,7.325148957955575,0,0,0,12.345838935721968
6,0,0,0,0,1,0,0,0,0,0,7.533158807455563,0,0,0,12.08954444723597
7,0,0,0,0,1,0,0,0,0,0,7.348587530927593,0,0,0,12.136191879981927
6,0,0,0,0,1,0,0,0,0,0,6.942156705699469,0,0,0,12.042971193457888
6,0,0,0,0,0,0,0,1,0,0,7.629975707027789,0,0,0,11.771443882099637
5,0,0,0,0,1,0,0,0,0,0,6.8966943316227125,0,0,0,11.686887175419702
7,0,0,0,0,1,0,0,0,0,0,7.65491704784832,0,0,0,12.404927602627597
7,0,0,0,0,1,0,0,0,0,0,7.2485040723706105,0,0,0,12.053801032483948
5,0,0,0,0,1,0,0,0,0,0,6.774223886357614,0,0,0,11.775297421715827
7,0,0,0,0,1,0,0,0,0,0,7.681560362559537,0,0,0,12.591338447675579
7,0,0,0,0,1,0,0,0,0,0,7.4127640174265625,0,0,0,12.016128107502665
6,0,0,0,0,1,0,0,0,0,0,7.221105098182496,0,0,0,11.755879486687116
8,0,0,0,0,1,0,0,0,0,0,7.59488438721652,0,0,0,12.616528611893463
5,0,0,0,0,1,0,0,0,0,0,6.762729506931879,0,0,0,11.511934974596555
7,0,0,0,0,1,0,0,0,0,0,7.062191632286556,0,0,0,12.154784614286667
6,0,0,0,0,1,0,0,0,0,0,6.961296045910167,0,0,0,11.92504173829169
6,0,0,0,0,1,0,0,0,0,0,7.424165281042028,0,0,0,12.10625783509458
5,0,0,0,0,1,0,0,0,0,0,6.957497370876951,0,0,0,11.766799946849087
4,0,0,0,0,1,0,0,0,0,0,7.489412083508719,0,0,0,11.992266613576142
6,0,0,0,0,1,0,0,0,0,0,7.509335266016592,0,0,0,12.103491596905931
6,0,0,0,0,1,0,0,0,0,0,7.198931240688173,0,0,0,12.10625783509458
7,0,0,0,0,1,0,0,0,0,0,7.2813856635702825,0,0,0,12.12215284831553
7,0,0,0,0,1,0,0,0,0,0,7.5443321080536885,0,0,0,11.711784520403112
9,0,0,0,0,1,0,0,0,0,0,7.610357618312838,0,0,0,12.843973993864076
8,0,0,0,0,1,0,0,0,0,0,8.145549631783584,0,0,0,12.850557278777309
5,0,0,0,1,0,0,0,0,0,0,7.329749689041512,0,0,0,11.87757552297847
7,0,0,0,0,1,0,0,0,0,0,7.329749689041512,0,0,0,12.468440756144114
6,0,0,0,0,1,0,0,0,0,0,7.306531398939505,0,0,0,12.132162346145595
5,0,0,0,0,1,0,0,0,0,0,6.841615476477592,0,0,0,11.827743504053695
6,0,0,0,0,1,0,0,0,0,0,7.213768308118642,0,0,0,12.083910661257521
5,0,0,0,0,1,0,0,0,0,0,7.1316985104669115,0,0,0,11.842236406331555
5,0,0,0,0,1,0,0,0,0,0,7.560601162768557,0,0,0,11.827743504053695
6,0,0,0,0,1,0,0,0,0,0,7.241366283322318,0,0,0,11.995357787034976
6,0,0,0,0,1,0,0,0,0,0,7.45298232946546,0,0,0,12.19552218463499
8,0,0,0,0,1,0,0,0,0,0,7.616775808698373,0,0,0,12.37581963951765
4,0,0,0,0,1,0,0,0,0,1,7.029087564149662,0,0,0,11.133142723386813
7,0,0,0,0,1,0,0,0,0,0,7.3613754289773485,0,0,0,12.33270970174018
7,0,0,0,0,1,0,0,0,0,0,7.200424892944957,0,0,0,12.100717685412471
5,0,0,0,0,1,0,0,0,0,0,6.947937068614969,0,0,0,11.921725007667265
6,0,0,0,0,1,0,0,0,0,0,7.509335266016592,0,0,0,11.842236406331555
6,0,0,0,0,1,0,0,0,0,0,7.803026643632217,0,0,0,12.037659911047468
6,0,0,0,0,1,0,0,0,0,0,7.253470382684528,0,0,0,11.794345471549745
6,0,0,0,0,1,0,0,0,0,0,7.192182058713246,0,0,0,11.870606902224587
5,0,0,0,0,1,0,0,0,0,0,7.367077059881012,0,0,0,12.154784614286667
8,0,0,0,0,1,0,0,0,0,0,7.414572881350589,0,0,0,12.535379989788607
8,0,0,0,0,1,0,0,0,0,0,7.58629630715272,0,0,0,12.546113507028412
5,0,0,0,0,1,0,0,0,0,0,7.050122520269059,0,0,0,12.103491596905931
5,0,0,0,0,1,0,0,0,0,0,7.172424577124845,0,0,0,11.691080018519527
5,0,0,0,0,1,0,0,0,0,0,7.771910256435763,0,0,0,11.58525542883217
7,0,0,0,0,1,0,0,0,0,0,7.417580402414544,0,0,0,12.000897933306716
5,0,0,0,0,1,0,0,0,0,0,6.762729506931879,0,0,0,11.652696102959753
5,0,0,0,0,1,0,0,0,0,0,6.959398512133975,0,0,0,11.83863282480007
5,0,0,0,0,1,0,0,0,0,0,7.029087564149662,0,0,0,11.951186847493476
6,0,0,0,0,1,0,0,0,0,0,6.9782137426306985,0,0,0,11.849404844423074
10,0,0,1,0,1,0,0,0,0,0,8.63817111796914,0,0,0,11.982935344196433
5,0,0,0,0,1,0,0,0,0,0,7.1284959456800365,0,0,0,11.944714374881176
7,0,0,0,0,1,0,0,0,0,0,7.592870287844818,0,0,0,12.323860125621126
6,0,0,0,0,1,0,0,0,0,0,7.3098814858247865,0,0,0,12.086731521684555
8,0,0,0,0,1,0,0,0,0,0,7.834788107388194,0,0,0,12.577639650232573
7,0,0,0,0,1,0,0,0,0,0,7.388327859577107,0,0,0,12.354496960983985
7,0,0,0,0,1,0,0,0,0,0,7.443663683115591,0,0,0,11.775297421715827
9,0,0,0,0,1,0,0,0,0,0,7.410347097821024,0,0,0,12.691583538230217
7,0,0,0,0,1,0,0,0,0,0,7.221835825288449,0,0,0,12.218500103788143
5,0,0,0,0,1,0,0,0,0,0,6.898714534329988,0,0,0,11.835016210489899
5,0,0,0,0,1,0,0,0,0,0,7.023758954738443,0,0,0,11.898194668458823
6,0,0,0,0,1,0,0,0,0,0,7.166265974133638,0,0,0,12.09626335986454
7,0,0,0,0,1,0,0,0,0,0,7.551186867296149,0,0,0,12.721888795877375
7,0,0,0,0,1,0,0,0,0,0,7.150701457592526,0,0,0,12.220966184120165
8,0,0,0,0,1,0,0,0,0,0,7.941295570906532,0,0,0,12.618185607609803
9,0,0,0,0,1,0,0,0,0,0,7.8632667240095735,0,0,0,12.716405147731708
4,0,0,0,0,1,0,0,0,0,0,6.855408798609928,0,0,0,11.686887175419702
6,0,0,0,0,1,0,0,0,0,0,7.655864017616056,0,0,0,12.239995696974733
8,0,0,0,0,1,0,0,0,0,0,7.396948602621014,0,0,0,12.596403811053621
7,0,0,0,0,1,0,0,0,0,0,7.210079628170788,0,0,0,12.249615734512616
8,0,0,0,0,1,0,0,0,0,0,7.488852955733459,0,0,0,12.524530013005734
4,0,0,0,0,1,0,0,0,0,0,6.855408798609928,0,0,0,11.6172944892629
6,0,0,0,0,1,0,0,0,0,0,7.2991214627108,0,0,0,11.960817678718287
3,0,0,0,0,0,0,0,0,1,0,6.580639137284949,0,0,0,11.19135563385109
7,0,0,0,0,1,0,0,0,0,0,7.562161631225652,0,0,0,12.154784614286667
4,0,0,0,0,1,0,0,0,0,0,6.5638555265321274,0,0,0,11.320565693461432
8,0,0,0,0,1,0,0,0,0,0,7.493317248862145,0,0,0,11.898194668458823
4,0,0,0,0,1,0,0,0,0,0,6.680854678790215,0,0,0,10.915106645867503
3,0,0,0,0,1,0,0,0,0,0,6.652863029353347,0,0,0,11.277215789596893
5,0,0,0,0,1,0,0,0,0,0,6.705639094860003,0,0,0,11.779136168550774
6,0,0,0,1,0,0,0,0,0,0,7.934871565945177,0,0,0,12.45293662970407
7,0,0,0,0,1,0,0,0,0,0,7.398174092970465,0,0,0,12.081081821061819
8,0,0,0,0,1,0,0,0,0,0,7.370860166536716,0,0,0,12.33270970174018
5,0,0,0,0,1,0,0,0,0,0,6.86171134048073,0,0,0,11.794345471549745
4,0,0,0,0,1,0,0,0,0,0,6.705639094860003,0,0,0,11.51293546492023
5,0,0,0,0,1,0,0,0,0,0,7.215975002651466,0,0,0,11.74006900564972
5,0,0,0,0,1,0,0,0,0,0,7.2196420401307355,0,0,0,11.736077016252437
6,0,0,0,0,1,0,0,0,0,0,7.19668657083435,0,0,0,12.031129798974042
5,0,0,0,0,1,0,0,0,0,0,7.4127640174265625,0,0,0,11.813037464800539
4,0,1,0,0,0,0,0,0,0,0,6.542471960506805,0,0,0,10.868587496017359
7,0,0,0,0,1,0,0,0,0,0,7.529406457837013,0,0,0,12.206077645517674
5,0,0,0,0,1,0,0,0,0,0,6.762729506931879,0,0,0,11.763691965388299
4,0,0,0,0,1,0,0,0,0,0,6.771935555839602,0,0,0,11.719947764402807
6,0,0,0,0,1,0,0,0,0,0,7.016609683894219,0,0,0,11.951186847493476
8,0,0,0,0,1,0,0,0,0,0,7.682482446534506,0,0,0,12.339295865674435
6,0,0,0,0,1,0,0,0,0,0,7.5569505720129,0,0,0,12.083910661257521
7,0,0,0,0,1,0,0,0,0,0,7.284134806195205,0,0,0,11.95655945119582
4,0,0,0,0,1,0,0,0,0,0,6.8679744089702925,0,0,0,11.59451466851004
7,0,0,0,0,1,0,0,0,0,0,7.676473646389156,0,0,0,12.47801017053037
8,0,0,0,0,1,0,0,0,0,0,7.482681828154651,0,0,0,12.554840409959793
7,0,0,0,0,1,0,0,0,0,0,7.3098814858247865,0,0,0,12.278397958261774
8,0,0,0,0,0,0,0,1,0,0,7.765993079407675,0,0,0,11.711784520403112
5,0,0,0,0,1,0,0,0,0,0,7.876638460975463,0,0,0,12.206077645517674
6,0,0,0,0,1,0,0,0,0,0,7.448333860897476,0,0,0,12.049424683420915
6,0,0,0,0,1,0,0,0,0,0,7.0707241072602764,0,0,0,11.812296455066814
8,0,0,0,0,1,0,0,0,0,0,8.08301991917133,0,0,0,12.923914877701906
7,0,0,0,0,1,0,0,0,0,0,7.531552381407289,0,0,0,12.367345048436391
7,0,0,0,0,1,0,0,0,0,0,7.560601162768557,0,0,0,12.04355959836804
5,0,0,0,0,1,0,0,0,0,0,6.794586580876499,0,0,0,11.608244735642321
5,0,0,0,0,1,0,0,0,0,0,6.983789965258135,0,0,0,11.917730355182513
6,0,0,0,0,1,0,0,0,0,0,7.3613754289773485,0,0,0,12.086731521684555
9,0,0,0,0,1,0,0,0,0,0,7.591357046698551,0,0,0,12.660331092405906
5,0,0,0,0,1,0,0,0,0,0,7.86403565907245,0,0,0,12.149507585033072
7,0,0,0,0,1,0,0,0,0,0,7.333676395657684,0,0,0,12.468440756144114
4,0,0,0,0,1,0,0,0,0,0,7.461065514354283,0,0,0,11.560772327227417
6,0,0,0,0,1,0,0,0,0,0,7.253470382684528,0,0,0,11.963574241653713
7,0,0,0,0,1,0,0,0,0,0,7.0909098220799835,0,0,0,11.878630514504515
7,0,0,0,0,1,0,0,0,0,0,7.423568444259167,0,0,0,12.283038316285214
7,0,0,0,0,1,0,0,0,0,0,7.490529402060711,0,0,0,12.170450649220749
5,0,0,0,0,1,0,0,0,0,0,7.297091005160418,0,0,0,11.751950239425476
6,0,0,0,0,1,0,0,0,0,0,6.744059186311348,0,0,0,11.87757552297847
8,0,0,0,0,1,0,0,0,0,0,7.419979923661835,0,0,0,12.354496960983985
4,0,0,0,0,1,0,0,0,0,0,7.226209010100671,0,0,0,11.561725152903833
6,0,0,0,0,1,0,0,0,0,0,7.415776975415394,0,0,0,12.016732516077072
7,0,0,0,0,1,0,0,0,0,0,7.6487397889562425,0,0,0,12.521981322562505
10,0,0,0,0,1,0,0,0,0,0,7.876258882303226,0,0,0,13.05301544288996
7,0,0,0,0,1,0,0,0,0,0,7.580189417944541,0,0,0,12.429220196836383
8,0,0,0,0,1,0,0,0,0,0,7.360103972989152,0,0,0,12.384223015005313
6,0,0,0,0,1,0,0,0,0,0,6.673297967767654,0,0,0,11.418625774449596
5,0,0,0,0,1,0,0,0,0,0,7.380879035564116,0,0,0,11.669937760751914
6,0,0,0,0,1,0,0,0,0,0,6.895682697747868,0,0,0,11.326607934898927
5,0,0,0,0,1,0,0,0,0,0,7.240649694255466,0,0,0,12.02874460037869
3,0,0,0,0,1,0,0,0,0,0,6.762729506931879,0,0,0,10.97679912709094
6,0,0,0,0,1,0,0,0,0,0,7.658227526161352,0,0,0,12.377927112974284
7,0,0,0,0,1,0,0,0,0,0,7.47477218239787,0,0,0,11.964007453736912
5,0,0,0,0,1,0,0,0,0,0,7.256297239690681,0,0,0,11.626263078808801
6,0,0,0,0,1,0,0,0,0,0,7.138073034044347,0,0,0,11.561725152903833
4,0,0,0,0,1,0,0,0,0,0,7.051855622955894,0,0,0,11.74006900564972
7,0,0,0,0,1,0,0,0,0,0,7.932003152361385,0,0,0,12.429220196836383
6,0,0,0,1,0,0,0,0,0,0,7.834788107388194,0,0,0,11.820417517632333
9,0,0,0,0,1,0,0,0,0,0,7.465655310134056,0,0,0,12.84132849667433
6,0,0,0,0,1,0,0,0,0,0,7.105786129481271,0,0,0,11.782960235741939
7,0,0,0,0,1,0,0,0,0,0,7.330405211844402,0,0,0,12.367345048436391
5,0,0,0,0,1,0,0,0,0,0,7.368339686311381,0,0,0,11.728044909070785
5,0,0,0,0,1,0,0,0,0,0,6.803505257608338,0,0,0,11.719947764402807
6,0,0,0,0,1,0,0,0,0,0,7.556427969440253,0,0,0,12.001511614739405
7,0,0,0,0,1,0,0,0,0,0,7.313886831633462,0,0,0,12.415437707935368
8,0,0,0,0,1,0,0,0,0,0,7.817222785508166,0,0,0,12.546871224308068
5,0,0,0,0,1,0,0,0,0,0,7.431299675155903,0,0,0,11.982935344196433
5,0,0,0,0,1,0,0,0,0,0,7.322510433997394,0,0,0,11.83138646878959
5,0,0,0,0,1,0,0,0,0,0,7.552237287560802,0,0,0,11.835016210489899
6,0,0,0,0,1,0,0,0,0,0,7.3833681469923835,0,0,0,11.831022768939789
6,0,0,0,0,1,0,0,0,0,0,7.055312843339752,0,0,0,11.695255355062795
6,0,0,0,0,1,0,0,0,0,0,7.374001859350161,0,0,0,12.170450649220749
7,0,0,0,0,1,0,0,0,0,0,7.166265974133638,0,0,0,12.174994689959313
8,0,0,0,0,1,0,0,0,0,0,7.289610521451167,0,0,0,12.552930054797935
3,0,0,0,0,1,0,0,0,0,0,7.102499355774649,0,0,0,11.561725152903833
8,0,0,0,0,1,0,0,0,0,0,7.4067107301776405,0,0,0,12.524530013005734
5,0,0,0,0,1,0,0,0,0,0,6.645090969505644,0,0,0,11.798111925972618
5,0,0,0,0,1,0,0,0,0,0,6.726233402358747,0,0,0,11.626263078808801
4,0,0,0,0,1,0,0,0,0,0,7.218176838403408,0,0,0,11.74006900564972
7,0,0,0,0,1,0,0,0,0,0,7.646831391430482,0,0,0,12.278397958261774
7,0,0,0,0,1,0,0,0,0,0,7.518064181233078,0,0,0,12.345838935721968
6,0,0,0,0,1,0,0,0,0,0,7.419979923661835,0,0,0,11.849404844423074
4,0,0,0,0,0,0,1,0,0,0,6.947937068614969,0,0,0,11.407576060361786
8,0,0,0,0,1,0,0,0,0,0,7.520234556474628,0,0,0,12.456835254920371
6,0,0,0,0,1,0,0,0,0,0,7.522400231387125,0,0,0,12.240478903153711
7,0,0,0,0,1,0,0,0,0,0,7.358830898342354,0,0,0,12.077676615757813
4,0,0,0,0,1,0,0,0,0,0,7.736743682453495,0,0,0,11.715874472198905
8,0,0,0,0,1,0,0,0,0,0,7.804251383528112,0,0,0,12.73670383776449
5,0,0,0,0,1,0,0,0,0,0,7.0431599159883405,0,0,0,11.728044909070785
6,0,0,0,0,1,0,0,0,0,0,7.520234556474628,0,0,0,12.314931534737134
6,0,0,0,0,1,0,0,0,0,0,7.256297239690681,0,0,0,12.100161978566867
6,0,0,0,0,1,0,0,0,0,0,6.975413927455952,0,0,0,11.755879486687116
6,0,0,0,0,1,0,0,0,0,0,6.744059186311348,0,0,0,11.824087219587643
6,0,0,0,0,1,0,0,0,0,0,7.697121317282625,0,0,1,12.524420916542532
5,0,0,0,0,1,0,0,0,0,0,7.20414929203594,0,0,0,11.87757552297847
6,0,0,0,0,1,0,0,0,0,0,7.133295954896068,0,0,0,11.863589378812122
7,0,0,0,0,1,0,0,0,0,0,7.662937850461535,0,0,0,12.509877789891931
5,0,0,0,0,1,0,0,0,0,0,7.351799869057777,0,0,0,11.849404844423074
5,0,0,0,0,1,0,0,0,0,0,6.690842277418564,0,0,0,11.686887175419702
6,0,0,0,0,1,0,0,0,0,0,7.273092595999522,0,0,0,12.116700301832573
5,0,0,0,0,1,0,0,0,0,0,7.516977224604321,0,0,0,12.165984756488543
6,0,0,0,0,1,0,0,0,0,0,6.8658910748834385,0,0,0,11.87583791515714
4,0,0,0,0,1,0,0,0,0,0,6.876264611890766,0,0,0,11.07443600653965
6,0,0,0,0,1,0,0,0,0,0,7.491645473605133,0,0,0,12.136191879981927
5,0,0,0,0,1,0,0,0,0,0,7.027314514039777,0,0,0,11.982935344196433
6,0,0,0,0,1,0,0,0,0,0,7.338238150065589,0,0,0,12.066816325306588
4,0,0,0,0,1,0,0,0,0,0,6.762729506931879,0,0,0,11.699413330633599
8,0,0,0,0,1,0,0,0,0,0,7.566828479208331,0,0,0,12.885673487343764
6,0,0,0,0,1,0,0,0,0,0,7.1204443723924875,0,0,0,11.916395250412128
7,0,0,0,0,1,0,0,0,0,0,7.453561871643373,0,0,0,12.190964083849375
6,0,0,0,0,1,0,0,0,0,0,7.846198815497425,0,0,0,12.160033942617156
6,0,0,0,0,1,0,0,0,0,0,6.744059186311348,0,0,0,11.913719681428494
10,0,0,0,0,1,0,0,0,0,0,7.60489448081162,0,0,0,12.644330802262578
6,0,1,0,0,0,0,0,0,0,0,6.859614903654202,0,0,0,11.703554089007538
7,0,0,0,0,1,0,0,0,0,0,7.260522598089852,0,0,0,12.098493002763465
6,0,0,0,0,1,0,0,0,0,0,6.81783057145415,0,0,0,11.767575435251748
5,0,0,0,0,1,0,0,0,0,0,7.080867896690782,0,0,0,11.969723533345908
8,0,0,0,0,1,0,0,0,0,0,7.645397699428633,0,0,0,12.388398368982115
4,0,0,0,0,1,0,0,0,0,0,7.205635176410364,0,0,0,11.626263078808801
5,0,0,0,0,1,0,0,0,0,0,6.447305862541213,0,0,0,11.429554725537322
5,0,0,0,0,1,0,0,0,0,0,7.491645473605133,0,0,0,11.820417517632333
8,0,0,0,0,1,0,0,0,0,0,7.364547014255642,0,0,0,12.567554517655415
5,0,0,0,0,1,0,0,0,0,0,6.9782137426306985,0,0,0,11.884495917930655
5,0,0,0,0,1,0,0,0,0,0,7.039660349862076,0,0,0,11.344518647594766
7,0,0,0,0,1,0,0,0,0,0,7.108244139731541,0,0,0,12.128116509451258
6,0,0,0,0,1,0,0,0,0,0,7.4073177104694174,0,0,0,12.07254696717504
6,0,0,0,0,1,0,0,0,0,0,7.637234388789473,0,0,0,12.25486757159303
7,0,0,0,0,1,0,0,0,0,0,7.75833346749091,0,0,0,12.493133274926212
5,0,0,0,0,1,0,0,0,0,0,6.983789965258135,0,0,0,11.864469267087891
5,0,0,0,0,1,0,0,0,0,0,7.136483208590247,0,0,0,11.901590234400047
